district_code,date,temperature_max,temperature_min,temperature_avg,humidity,rainfall_mm,wind_speed,wind_direction,pressure,visibility,cloud_cover,solar_radiation
MH001,2024-01-01,30.4,24.2,27.3,64.6,0.0,9.6,334,1014.7,8.8,3.0,251.9
MH001,2024-01-02,28.4,21.4,24.9,70.1,0.0,6.4,291,1014.8,7.7,7.7,253.7
MH001,2024-01-03,31.1,25.1,28.1,77.3,0.0,17.2,302,1008.2,9.0,11.8,223.1
MH001,2024-01-04,30.4,20.2,25.3,72.5,0.0,18.9,333,1013.4,9.0,13.2,244.1
MH001,2024-01-05,32.8,23.8,28.3,78.7,0.0,15.2,331,1006.9,6.8,10.1,224.8
MH001,2024-01-06,29.3,22.7,26.0,64.7,0.0,16.2,304,1011.2,6.7,9.3,268.8
MH001,2024-01-07,32.2,23.2,27.7,62.1,0.0,17.7,288,1011.0,9.1,22.4,231.5
MH001,2024-01-08,33.0,22.8,27.9,76.6,0.0,9.7,278,1010.2,6.9,7.4,271.8
MH001,2024-01-09,32.5,24.9,28.7,73.7,0.0,12.3,348,1011.8,6.9,8.6,251.0
MH001,2024-01-10,30.8,21.8,26.3,79.5,0.0,12.4,293,1018.7,7.6,3.2,232.9
MH001,2024-01-11,30.3,21.1,25.7,77.0,0.0,12.8,280,1011.4,9.1,18.5,257.7
MH001,2024-01-12,31.8,25.8,28.8,75.3,0.0,16.9,318,1009.4,8.0,3.9,251.3
MH001,2024-01-13,32.6,21.8,27.2,79.0,0.0,10.2,315,1008.7,8.8,30.5,207.2
MH001,2024-01-14,32.5,23.5,28.0,61.7,0.0,18.2,318,1015.7,7.7,0.0,251.2
MH001,2024-01-15,30.9,20.3,25.6,79.1,0.0,19.3,300,1007.6,8.7,33.1,192.9
MH001,2024-01-16,30.7,24.3,27.5,76.3,0.0,18.3,285,1012.2,7.7,9.3,265.6
MH001,2024-01-17,30.8,23.8,27.3,70.9,0.0,17.7,291,1010.3,9.1,22.7,225.1
MH001,2024-01-18,31.0,24.4,27.7,63.4,0.0,11.4,322,1009.2,6.7,2.5,263.1
MH001,2024-01-19,31.9,21.3,26.6,78.6,0.0,7.1,294,1014.7,6.7,4.6,275.3
MH001,2024-01-20,32.2,23.8,28.0,76.8,0.0,18.9,290,1007.6,7.4,14.8,237.6
MH001,2024-01-21,33.4,24.0,28.7,81.6,0.0,7.6,307,1010.3,8.7,8.7,232.3
MH001,2024-01-22,31.8,23.6,27.7,64.7,0.0,10.0,349,1011.8,8.7,19.3,210.5
MH001,2024-01-23,35.0,24.8,29.9,81.3,0.0,20.8,343,1008.0,7.5,7.5,244.6
MH001,2024-01-24,30.1,22.3,26.2,81.6,0.0,10.2,338,1012.2,7.4,33.5,237.9
MH001,2024-01-25,33.0,23.4,28.2,61.7,0.0,10.7,352,1013.3,7.7,26.2,201.2
MH001,2024-01-26,32.7,24.1,28.4,78.5,0.0,8.5,352,1007.3,6.6,20.8,239.6
MH001,2024-01-27,30.4,23.8,27.1,79.4,0.0,9.9,323,1014.0,7.3,20.4,232.6
MH001,2024-01-28,33.4,26.4,29.9,75.2,0.0,9.8,307,1014.1,7.0,11.1,257.1
MH001,2024-01-29,30.6,22.4,26.5,82.0,0.0,21.9,281,1009.3,6.9,32.7,233.3
MH001,2024-01-30,33.7,25.9,29.8,61.8,0.0,19.3,331,1013.4,9.0,22.9,203.3
MH001,2024-01-31,33.3,25.9,29.6,73.9,0.0,21.0,286,1007.5,6.4,19.4,221.5
MH001,2024-02-01,33.6,24.0,28.8,62.9,0.0,16.1,296,1012.1,8.8,29.6,198.2
MH001,2024-02-02,31.8,24.4,28.1,58.1,0.0,18.3,326,1009.5,8.3,19.3,229.4
MH001,2024-02-03,29.7,23.3,26.5,79.2,0.0,20.5,319,1016.7,7.8,5.2,234.1
MH001,2024-02-04,33.0,22.6,27.8,77.1,0.0,19.8,347,1009.0,6.8,3.6,269.0
MH001,2024-02-05,34.1,26.1,30.1,72.9,0.0,8.5,349,1016.4,9.0,28.4,239.3
MH001,2024-02-06,31.5,21.9,26.7,66.0,0.0,20.9,339,1017.0,8.5,9.3,261.3
MH001,2024-02-07,32.3,21.9,27.1,78.6,0.0,9.6,340,1012.1,7.0,27.8,207.5
MH001,2024-02-08,30.3,23.3,26.8,65.9,0.0,19.8,352,1010.0,8.0,14.0,264.5
MH001,2024-02-09,34.2,23.6,28.9,60.8,0.0,21.5,289,1017.8,6.9,3.8,251.4
MH001,2024-02-10,33.5,25.9,29.7,72.5,0.0,14.2,306,1013.0,6.8,24.8,200.4
MH001,2024-02-11,34.9,26.3,30.6,75.3,0.0,17.9,329,1010.3,6.3,23.2,219.0
MH001,2024-02-12,33.3,23.1,28.2,75.3,0.0,10.8,300,1011.3,7.3,10.3,226.9
MH001,2024-02-13,34.1,23.3,28.7,74.3,0.0,20.4,324,1009.9,7.7,0.0,249.3
MH001,2024-02-14,33.2,24.4,28.8,73.7,0.0,13.4,310,1008.8,7.5,31.5,230.7
MH001,2024-02-15,31.0,24.6,27.8,70.4,0.0,16.1,302,1016.3,8.3,23.5,213.3
MH001,2024-02-16,31.0,24.8,27.9,63.9,0.0,13.6,343,1007.3,7.3,22.0,213.9
MH001,2024-02-17,34.2,25.8,30.0,63.9,0.0,16.5,275,1015.0,8.4,3.7,251.1
MH001,2024-02-18,33.3,22.5,27.9,70.4,0.0,6.8,295,1016.6,7.5,28.0,229.2
MH001,2024-02-19,35.7,26.7,31.2,80.8,0.0,20.3,324,1014.4,7.6,29.1,221.7
MH001,2024-02-20,35.8,26.0,30.9,69.4,0.0,10.1,295,1013.5,8.4,18.2,240.9
MH001,2024-02-21,31.7,25.3,28.5,64.9,0.0,10.3,301,1012.8,6.5,8.1,258.4
MH001,2024-02-22,33.5,27.1,30.3,67.8,0.0,14.7,308,1008.4,7.3,31.7,219.8
MH001,2024-02-23,35.4,25.2,30.3,76.4,0.0,12.1,275,1010.2,8.3,29.9,240.8
MH001,2024-02-24,34.1,24.3,29.2,71.1,0.0,15.7,293,1008.8,7.4,1.0,250.4
MH001,2024-02-25,34.3,26.3,30.3,62.0,0.0,13.5,285,1013.4,6.2,13.8,243.9
MH001,2024-02-26,32.3,23.1,27.7,61.3,0.0,13.4,279,1011.0,6.7,11.4,257.1
MH001,2024-02-27,34.1,24.3,29.2,78.0,0.0,10.0,282,1006.4,7.7,35.0,203.5
MH001,2024-02-28,35.3,25.3,30.3,73.6,0.0,18.1,351,1008.3,6.1,5.3,233.9
MH001,2024-02-29,34.8,26.0,30.4,63.2,0.0,17.2,336,1007.9,7.9,26.2,204.0
MH001,2024-03-01,36.5,25.7,31.1,67.5,4.0,16.8,237,1010.5,8.2,8.7,257.4
MH001,2024-03-02,33.7,27.1,30.4,78.4,0.0,15.6,170,1017.7,8.4,12.2,239.3
MH001,2024-03-03,33.7,25.1,29.4,78.4,0.0,19.2,168,1017.6,8.0,29.0,229.8
MH001,2024-03-04,34.5,24.9,29.7,64.5,0.0,18.9,203,1011.9,7.4,25.6,212.6
MH001,2024-03-05,36.5,26.3,31.4,89.8,51.9,13.4,209,1010.3,6.2,100,104.1
MH001,2024-03-06,33.9,23.9,28.9,79.1,0.0,17.2,182,1006.3,8.9,3.0,266.8
MH001,2024-03-07,35.0,25.2,30.1,73.5,0.0,13.9,223,1007.1,6.7,24.2,216.4
MH001,2024-03-08,34.7,26.3,30.5,68.2,0.0,17.9,186,1014.3,6.9,8.8,228.7
MH001,2024-03-09,32.3,25.7,29.0,76.3,0.0,9.0,177,1012.0,8.3,34.2,213.4
MH001,2024-03-10,32.7,26.1,29.4,63.5,0.0,8.9,161,1012.5,6.9,34.1,214.9
MH001,2024-03-11,34.4,27.8,31.1,69.8,0.0,20.0,206,1011.4,7.4,6.5,228.5
MH001,2024-03-12,36.3,27.9,32.1,67.6,0.0,7.2,210,1006.2,6.5,19.7,222.6
MH001,2024-03-13,35.6,29.0,32.3,72.6,0.0,18.7,178,1011.8,7.4,15.5,256.3
MH001,2024-03-14,36.2,28.6,32.4,72.6,0.0,17.8,236,1008.0,6.7,23.1,210.5
MH001,2024-03-15,32.4,26.0,29.2,86.2,27.8,10.7,179,1014.6,8.2,57.6,188.7
MH001,2024-03-16,37.2,27.2,32.2,73.9,0.0,20.9,194,1012.1,8.0,31.8,231.8
MH001,2024-03-17,32.2,25.4,28.8,76.0,0.0,15.1,183,1007.7,8.1,24.5,247.8
MH001,2024-03-18,34.8,26.4,30.6,70.8,4.8,11.2,180,1007.0,9.0,36.5,212.7
MH001,2024-03-19,37.9,26.9,32.4,64.5,0.0,6.6,221,1011.2,8.0,32.1,199.1
MH001,2024-03-20,35.6,26.4,31.0,60.2,0.0,11.6,187,1013.8,8.7,11.5,253.6
MH001,2024-03-21,35.3,24.5,29.9,71.2,0.0,13.3,185,1009.9,9.0,14.1,241.0
MH001,2024-03-22,37.3,28.1,32.7,67.9,0.0,9.0,189,1014.5,8.0,26.6,207.9
MH001,2024-03-23,36.3,25.7,31.0,74.8,0.0,7.9,238,1013.1,6.8,5.5,254.8
MH001,2024-03-24,34.3,27.9,31.1,79.9,0.0,13.4,169,1015.8,7.6,25.1,225.3
MH001,2024-03-25,35.1,24.9,30.0,63.8,0.0,14.8,191,1017.1,7.6,30.8,235.1
MH001,2024-03-26,35.0,25.0,30.0,80.4,0.0,14.1,226,1009.4,7.0,20.5,256.2
MH001,2024-03-27,34.3,27.5,30.9,66.3,0.0,14.8,203,1011.3,7.0,6.6,260.6
MH001,2024-03-28,34.9,27.7,31.3,59.0,0.0,17.9,216,1015.5,7.2,23.2,243.6
MH001,2024-03-29,37.2,28.8,33.0,87.5,30.7,19.9,230,1010.7,7.7,62.0,184.3
MH001,2024-03-30,35.3,26.1,30.7,95,28.8,11.4,215,1013.7,8.6,73.0,175.8
MH001,2024-03-31,34.5,26.9,30.7,76.2,0.0,20.0,163,1006.7,8.0,32.2,239.8
MH001,2024-04-01,36.3,28.1,32.2,95,38.0,13.1,216,1016.4,6.2,84.9,130.8
MH001,2024-04-02,34.1,27.3,30.7,71.6,0.0,18.7,174,1006.8,8.7,21.7,216.7
MH001,2024-04-03,36.3,29.5,32.9,64.1,0.0,10.1,161,1015.1,8.8,23.7,209.7
MH001,2024-04-04,35.0,27.2,31.1,73.3,0.0,12.8,180,1015.9,6.7,13.5,240.3
MH001,2024-04-05,34.7,25.9,30.3,81.8,0.0,10.7,238,1013.8,6.9,19.8,241.6
MH001,2024-04-06,35.5,29.3,32.4,69.9,0.0,20.5,183,1015.1,7.9,12.3,249.6
MH001,2024-04-07,36.6,27.2,31.9,73.8,0.0,19.4,210,1016.5,8.0,10.8,241.9
MH001,2024-04-08,36.6,27.0,31.8,85.5,19.1,8.8,171,1012.1,9.0,47.2,214.6
MH001,2024-04-09,36.4,29.2,32.8,69.6,0.0,18.9,220,1009.5,6.4,33.7,194.9
MH001,2024-04-10,38.6,28.2,33.4,81.5,0.0,21.5,224,1009.7,8.5,0.5,261.1
MH001,2024-04-11,36.1,26.7,31.4,72.0,0.0,19.2,235,1007.0,6.8,0.9,278.0
MH001,2024-04-12,37.2,26.6,31.9,59.5,0.0,19.2,233,1009.2,7.3,4.9,275.5
MH001,2024-04-13,35.1,26.7,30.9,87.4,52.2,13.3,214,1014.7,8.9,93.0,141.9
MH001,2024-04-14,34.3,26.3,30.3,82.8,30.0,21.2,163,1010.4,7.4,78.3,168.2
MH001,2024-04-15,34.8,25.4,30.1,81.5,0.0,11.7,192,1008.3,6.4,29.7,216.2
MH001,2024-04-16,37.0,27.8,32.4,58.5,0.0,18.6,179,1007.0,7.8,2.4,269.9
MH001,2024-04-17,34.1,27.1,30.6,65.9,0.0,8.4,232,1005.9,8.7,5.1,234.4
MH001,2024-04-18,34.2,27.4,30.8,58.6,0.0,6.2,223,1008.7,7.1,6.1,229.1
MH001,2024-04-19,37.1,28.5,32.8,69.4,0.0,18.4,201,1006.7,7.6,33.1,190.8
MH001,2024-04-20,38.2,27.8,33.0,69.0,0.0,21.4,165,1011.1,7.3,24.0,225.9
MH001,2024-04-21,36.8,30.4,33.6,77.9,36.6,10.4,211,1011.9,7.1,89.7,135.9
MH001,2024-04-22,36.3,27.3,31.8,95,41.8,16.4,222,1014.3,6.7,78.5,136.5
MH001,2024-04-23,35.5,27.3,31.4,60.3,0.0,12.8,213,1010.2,6.5,32.3,193.1
MH001,2024-04-24,36.6,30.2,33.4,95,43.9,14.9,207,1012.1,7.1,70.1,154.5
MH001,2024-04-25,37.6,27.8,32.7,75.3,0.0,21.5,208,1009.7,7.8,7.4,257.5
MH001,2024-04-26,34.3,27.7,31.0,66.8,0.0,18.2,206,1015.5,8.6,34.1,228.2
MH001,2024-04-27,37.2,28.0,32.6,95,54.5,10.3,174,1013.9,7.0,93.6,104.3
MH001,2024-04-28,38.1,29.3,33.7,61.4,0.0,16.1,162,1014.2,6.7,14.7,231.5
MH001,2024-04-29,36.5,26.9,31.7,71.6,0.0,7.4,164,1007.5,7.9,23.6,215.6
MH002,2024-01-01,28.1,19.7,23.9,68.6,0.0,10.4,335,1008.6,8.3,9.9,255.1
MH002,2024-01-02,28.0,18.6,23.3,59.1,0.0,12.3,323,1007.4,7.9,7.4,231.5
MH002,2024-01-03,26.2,18.6,22.4,58.2,0.0,18.0,289,1012.1,9.1,17.5,252.2
MH002,2024-01-04,27.9,21.5,24.7,78.7,0.0,6.7,276,1018.1,9.6,20.2,235.4
MH002,2024-01-05,28.3,20.3,24.3,60.8,0.0,6.3,301,1016.8,8.8,29.1,240.2
MH002,2024-01-06,27.0,16.8,21.9,63.8,0.0,15.4,317,1012.4,7.9,11.9,235.0
MH002,2024-01-07,26.6,18.0,22.3,60.7,0.0,14.2,347,1011.7,9.1,28.7,235.6
MH002,2024-01-08,26.0,19.2,22.6,62.7,0.0,15.6,336,1015.3,7.5,27.0,221.9
MH002,2024-01-09,29.6,19.8,24.7,68.8,0.0,20.8,320,1014.7,8.8,30.2,224.1
MH002,2024-01-10,25.5,19.1,22.3,68.6,0.0,10.8,297,1008.2,8.5,10.9,242.3
MH002,2024-01-11,27.1,16.9,22.0,59.8,0.0,19.8,343,1015.0,8.5,16.2,240.0
MH002,2024-01-12,30.2,19.8,25.0,68.8,0.0,19.0,327,1010.9,8.4,5.3,230.7
MH002,2024-01-13,27.5,17.1,22.3,66.2,0.0,17.4,315,1009.6,7.7,15.3,235.6
MH002,2024-01-14,27.4,20.6,24.0,66.9,0.0,10.5,308,1011.3,8.8,27.6,228.7
MH002,2024-01-15,25.5,19.1,22.3,74.3,0.0,10.5,333,1015.4,9.7,30.6,208.8
MH002,2024-01-16,27.8,21.0,24.4,66.4,0.0,21.5,331,1011.8,8.8,32.8,204.6
MH002,2024-01-17,28.6,18.6,23.6,77.5,0.0,16.7,341,1016.1,9.0,18.4,241.5
MH002,2024-01-18,27.7,19.9,23.8,66.7,0.0,8.9,292,1018.6,8.4,7.9,230.8
MH002,2024-01-19,27.6,17.4,22.5,60.4,0.0,18.3,342,1018.1,7.1,11.8,256.8
MH002,2024-01-20,26.7,18.9,22.8,61.9,0.0,19.3,337,1017.1,7.5,15.3,234.1
MH002,2024-01-21,28.6,21.4,25.0,68.7,0.0,10.6,335,1012.4,8.6,10.8,260.3
MH002,2024-01-22,29.3,19.1,24.2,66.8,0.0,21.2,354,1012.7,7.8,13.4,242.6
MH002,2024-01-23,31.3,21.3,26.3,77.2,0.0,8.2,295,1014.4,9.6,19.4,213.0
MH002,2024-01-24,30.9,20.7,25.8,64.8,0.0,18.2,297,1017.7,7.4,15.3,260.9
MH002,2024-01-25,27.5,19.3,23.4,66.4,0.0,6.4,279,1013.3,7.7,34.8,205.0
MH002,2024-01-26,28.0,17.4,22.7,78.1,0.0,16.4,338,1009.1,7.8,29.0,229.2
MH002,2024-01-27,28.0,18.4,23.2,68.8,0.0,6.1,281,1010.4,9.5,19.2,244.5
MH002,2024-01-28,28.1,21.5,24.8,64.9,0.0,10.8,279,1012.1,9.3,16.0,218.1
MH002,2024-01-29,30.8,21.8,26.3,58.4,0.0,14.2,294,1008.5,8.3,21.5,216.9
MH002,2024-01-30,29.1,19.7,24.4,60.1,0.0,21.6,280,1013.4,8.5,34.6,214.3
MH002,2024-01-31,28.6,20.2,24.4,73.3,0.0,21.7,295,1007.3,9.3,12.1,254.7
MH002,2024-02-01,30.3,20.5,25.4,75.6,0.0,11.3,279,1013.5,9.4,6.1,265.4
MH002,2024-02-02,29.5,20.1,24.8,73.2,0.0,19.0,280,1016.4,8.3,10.3,222.8
MH002,2024-02-03,26.9,20.7,23.8,80.4,0.0,14.2,354,1013.8,7.7,26.4,207.6
MH002,2024-02-04,29.5,19.5,24.5,78.8,0.0,11.3,285,1011.5,9.6,26.0,243.3
MH002,2024-02-05,30.0,19.2,24.6,69.9,0.0,14.0,349,1013.3,9.4,25.4,203.4
MH002,2024-02-06,30.6,20.4,25.5,71.1,0.0,11.1,281,1014.8,7.9,21.1,226.8
MH002,2024-02-07,29.8,22.0,25.9,59.0,0.0,19.9,303,1018.8,7.8,34.3,234.4
MH002,2024-02-08,28.1,18.9,23.5,66.7,0.0,18.8,329,1018.7,7.4,21.3,244.2
MH002,2024-02-09,26.6,20.2,23.4,76.7,0.0,11.9,306,1014.1,8.8,23.8,249.1
MH002,2024-02-10,29.7,19.9,24.8,71.8,0.0,14.5,307,1014.8,7.7,4.0,266.2
MH002,2024-02-11,29.4,21.4,25.4,71.5,0.0,10.2,296,1012.3,10.0,10.0,266.8
MH002,2024-02-12,28.7,22.1,25.4,78.5,0.0,13.2,347,1012.3,7.2,23.9,243.8
MH002,2024-02-13,28.7,20.9,24.8,59.6,0.0,14.7,346,1017.3,9.1,32.5,221.4
MH002,2024-02-14,31.0,22.4,26.7,60.9,0.0,9.2,286,1016.1,7.0,19.4,226.3
MH002,2024-02-15,31.2,22.4,26.8,72.7,0.0,7.4,300,1018.6,9.1,18.4,247.7
MH002,2024-02-16,30.1,23.7,26.9,81.3,0.0,16.3,311,1014.8,8.0,30.7,231.0
MH002,2024-02-17,29.7,22.7,26.2,81.2,0.0,12.9,348,1007.4,7.3,5.4,235.7
MH002,2024-02-18,29.8,20.2,25.0,66.3,0.0,21.1,347,1017.2,7.7,22.2,231.5
MH002,2024-02-19,28.1,20.5,24.3,70.8,0.0,14.0,288,1018.4,7.4,23.1,238.7
MH002,2024-02-20,31.4,21.2,26.3,71.5,0.0,19.2,277,1007.3,8.9,20.2,239.3
MH002,2024-02-21,30.9,22.9,26.9,73.3,0.0,14.0,325,1010.1,9.8,16.9,251.6
MH002,2024-02-22,30.4,23.0,26.7,59.8,0.0,7.0,310,1012.5,7.6,21.2,220.9
MH002,2024-02-23,31.6,22.0,26.8,78.7,0.0,21.6,285,1011.1,8.7,11.2,242.6
MH002,2024-02-24,28.7,21.5,25.1,60.3,0.0,10.6,306,1014.4,7.7,30.3,200.6
MH002,2024-02-25,29.8,21.0,25.4,65.5,0.0,18.2,315,1013.1,8.5,10.8,221.0
MH002,2024-02-26,32.2,23.6,27.9,81.2,0.0,9.4,303,1007.0,8.5,30.9,224.5
MH002,2024-02-27,30.4,21.8,26.1,78.3,0.0,12.9,346,1015.5,9.3,12.8,237.1
MH002,2024-02-28,30.0,23.0,26.5,71.3,0.0,7.2,315,1015.9,7.8,34.6,220.6
MH002,2024-02-29,30.1,19.3,24.7,67.5,0.0,18.7,302,1018.3,9.2,7.0,250.7
MH002,2024-03-01,29.4,23.2,26.3,66.0,0.0,13.6,197,1014.0,8.5,11.5,249.6
MH002,2024-03-02,30.5,19.5,25.0,65.2,0.0,11.4,226,1013.4,9.1,10.5,261.1
MH002,2024-03-03,30.6,21.2,25.9,72.0,0.0,18.7,218,1015.1,7.0,16.6,260.1
MH002,2024-03-04,32.5,22.7,27.6,75.3,0.0,15.3,174,1014.0,8.8,29.4,201.2
MH002,2024-03-05,30.3,24.1,27.2,60.6,0.0,6.3,185,1008.4,9.0,14.4,253.6
MH002,2024-03-06,33.4,23.0,28.2,59.5,0.0,8.2,177,1010.3,9.0,18.4,224.9
MH002,2024-03-07,30.6,20.0,25.3,66.5,0.0,18.4,218,1014.7,9.0,21.4,214.7
MH002,2024-03-08,30.0,21.2,25.6,81.3,0.0,10.8,183,1009.4,9.1,11.1,236.9
MH002,2024-03-09,33.4,23.4,28.4,60.9,0.0,16.8,190,1018.1,9.4,33.4,228.5
MH002,2024-03-10,29.6,22.2,25.9,66.3,0.0,13.1,181,1012.6,7.6,18.9,255.2
MH002,2024-03-11,30.9,24.3,27.6,72.1,0.0,9.9,214,1012.9,8.9,1.8,253.1
MH002,2024-03-12,31.0,24.4,27.7,58.1,0.0,14.8,234,1011.3,9.8,30.7,215.9
MH002,2024-03-13,31.1,20.3,25.7,73.5,0.0,20.5,167,1013.7,8.6,25.3,246.4
MH002,2024-03-14,32.0,25.2,28.6,62.2,0.0,20.7,240,1011.0,8.5,32.8,237.2
MH002,2024-03-15,33.9,23.5,28.7,72.5,23.8,21.7,183,1018.1,8.6,53.0,207.7
MH002,2024-03-16,32.6,24.2,28.4,60.7,0.0,8.6,197,1009.4,7.5,25.8,238.4
MH002,2024-03-17,32.2,22.4,27.3,78.5,0.0,20.4,226,1012.7,7.2,23.4,211.5
MH002,2024-03-18,29.5,21.9,25.7,64.3,0.0,9.8,220,1018.3,7.9,25.3,200.2
MH002,2024-03-19,32.5,23.1,27.8,68.6,6.4,12.5,200,1017.2,9.1,20.5,212.2
MH002,2024-03-20,32.5,25.1,28.8,63.3,0.0,8.1,172,1015.2,8.8,14.6,242.0
MH002,2024-03-21,31.4,22.8,27.1,63.2,0.0,10.0,220,1017.1,7.2,15.6,248.3
MH002,2024-03-22,30.0,21.2,25.6,81.6,23.0,15.2,172,1010.8,8.5,38.6,191.2
MH002,2024-03-23,30.8,24.4,27.6,77.4,0.0,13.3,201,1012.0,7.1,16.2,252.7
MH002,2024-03-24,32.3,24.3,28.3,75.9,0.0,15.3,164,1010.5,7.2,34.8,233.0
MH002,2024-03-25,31.0,20.4,25.7,85.3,17.6,18.3,238,1014.6,8.2,61.1,168.6
MH002,2024-03-26,34.2,23.6,28.9,74.4,0.0,16.6,203,1014.1,8.0,6.2,253.2
MH002,2024-03-27,32.4,22.8,27.6,58.1,0.0,6.4,184,1014.6,8.6,18.6,250.1
MH002,2024-03-28,30.4,22.6,26.5,80.5,0.0,17.6,169,1016.4,8.2,26.8,241.7
MH002,2024-03-29,29.1,22.1,25.6,73.9,3.1,17.3,164,1015.8,8.2,12.9,227.8
MH002,2024-03-30,32.2,26.0,29.1,64.9,0.0,19.1,219,1010.0,8.8,23.5,218.1
MH002,2024-03-31,30.3,23.5,26.9,63.3,0.0,10.8,165,1018.0,9.6,31.9,221.6
MH002,2024-04-01,31.6,23.2,27.4,80.6,0.0,16.7,223,1010.3,8.2,5.2,246.5
MH002,2024-04-02,32.9,24.5,28.7,65.2,0.0,17.3,224,1017.2,8.7,33.9,215.4
MH002,2024-04-03,29.9,22.7,26.3,73.5,0.0,20.8,228,1007.8,9.1,6.7,239.0
MH002,2024-04-04,33.0,24.0,28.5,62.5,0.0,18.2,218,1013.0,8.4,30.4,209.1
MH002,2024-04-05,32.7,26.7,29.7,81.1,0.0,7.9,240,1011.8,7.7,21.2,215.5
MH002,2024-04-06,34.0,25.2,29.6,67.1,0.0,14.5,189,1009.2,8.5,17.4,215.6
MH002,2024-04-07,34.1,25.7,29.9,79.9,0.0,11.9,193,1012.8,7.6,5.1,240.9
MH002,2024-04-08,34.1,25.3,29.7,61.7,0.0,11.3,190,1016.1,8.5,22.9,237.2
MH002,2024-04-09,32.1,21.9,27.0,73.4,0.0,13.8,173,1016.1,7.5,25.2,224.1
MH002,2024-04-10,34.1,25.3,29.7,59.4,0.0,6.5,228,1017.4,9.0,26.8,218.1
MH002,2024-04-11,33.1,25.9,29.5,58.2,0.0,14.1,190,1013.5,9.0,21.6,228.9
MH002,2024-04-12,31.1,25.1,28.1,58.3,0.0,14.5,182,1018.1,7.0,28.5,228.8
MH002,2024-04-13,34.7,24.1,29.4,64.3,5.5,9.1,202,1015.9,7.8,22.1,222.7
MH002,2024-04-14,32.2,23.4,27.8,63.4,0.0,16.9,228,1014.3,9.5,26.6,202.4
MH002,2024-04-15,32.2,23.4,27.8,63.2,2.2,14.0,195,1015.9,8.7,33.3,193.1
MH002,2024-04-16,31.5,25.3,28.4,78.8,0.0,20.2,198,1006.9,7.2,32.4,234.6
MH002,2024-04-17,31.7,25.5,28.6,65.5,0.0,21.4,207,1015.3,9.1,13.9,219.4
MH002,2024-04-18,30.6,23.4,27.0,67.3,0.0,20.3,187,1015.7,7.4,34.6,222.8
MH002,2024-04-19,33.8,23.0,28.4,87.5,18.7,11.4,222,1017.8,8.2,55.1,159.3
MH002,2024-04-20,33.0,22.0,27.5,66.5,0.0,21.1,195,1014.7,8.9,3.0,261.7
MH002,2024-04-21,34.4,24.8,29.6,79.0,7.8,16.1,219,1009.9,7.3,11.9,233.8
MH002,2024-04-22,31.6,24.2,27.9,62.5,0.0,13.2,204,1011.3,7.0,12.4,222.3
MH002,2024-04-23,32.7,25.1,28.9,65.0,0.0,12.2,167,1017.0,9.7,34.2,215.7
MH002,2024-04-24,31.2,23.2,27.2,65.2,0.0,13.9,165,1011.8,8.2,16.9,215.2
MH002,2024-04-25,31.2,24.0,27.6,72.3,0.0,9.1,169,1010.1,9.8,11.6,249.8
MH002,2024-04-26,33.6,26.0,29.8,77.6,0.0,19.8,238,1007.7,7.9,33.2,198.6
MH002,2024-04-27,33.3,22.5,27.9,65.0,0.0,17.1,199,1013.3,7.7,13.2,257.3
MH002,2024-04-28,31.6,25.0,28.3,72.2,0.0,14.7,215,1012.9,9.8,16.2,247.7
MH002,2024-04-29,32.2,24.8,28.5,77.7,0.0,18.7,193,1012.3,8.9,8.5,256.0
TN001,2024-01-01,33.1,23.1,28.1,59.8,0.0,21.9,313,1011.2,8.2,32.2,224.5
TN001,2024-01-02,32.5,22.5,27.5,66.6,0.0,20.3,318,1014.2,6.9,26.9,230.2
TN001,2024-01-03,31.4,22.2,26.8,59.1,0.0,21.7,329,1011.4,8.9,33.8,209.2
TN001,2024-01-04,29.1,21.9,25.5,70.3,0.0,14.3,321,1013.8,8.0,13.7,254.4
TN001,2024-01-05,32.1,23.5,27.8,66.3,0.0,6.4,283,1011.4,9.6,4.1,276.3
TN001,2024-01-06,29.9,22.3,26.1,68.9,0.0,9.3,314,1012.5,8.0,24.4,216.8
TN001,2024-01-07,31.8,21.8,26.8,60.8,0.0,19.6,327,1014.8,7.2,34.4,199.0
TN001,2024-01-08,29.7,22.9,26.3,71.4,0.0,21.3,294,1011.6,7.2,22.4,225.2
TN001,2024-01-09,30.3,21.3,25.8,62.7,0.0,15.5,306,1015.3,7.3,26.3,238.6
TN001,2024-01-10,29.3,22.7,26.0,78.9,0.0,9.0,301,1012.3,7.5,30.2,219.1
TN001,2024-01-11,32.8,23.8,28.3,72.7,0.0,15.4,303,1016.5,8.5,28.5,230.4
TN001,2024-01-12,31.5,22.5,27.0,60.0,0.0,8.1,284,1010.3,7.2,24.3,226.5
TN001,2024-01-13,30.9,24.3,27.6,67.2,0.0,9.0,326,1014.8,8.6,35.0,213.7
TN001,2024-01-14,31.3,24.5,27.9,65.5,0.0,13.2,279,1010.7,6.7,4.8,269.0
TN001,2024-01-15,34.2,25.6,29.9,69.9,0.0,17.0,308,1016.1,8.1,2.9,232.5
TN001,2024-01-16,32.8,25.4,29.1,64.6,0.0,14.6,288,1011.7,8.9,26.8,225.0
TN001,2024-01-17,29.9,23.3,26.6,76.6,0.0,19.2,304,1016.6,6.8,25.2,227.0
TN001,2024-01-18,33.4,26.8,30.1,77.9,0.0,18.0,299,1018.0,8.0,12.2,258.8
TN001,2024-01-19,33.5,22.5,28.0,76.6,0.0,9.8,340,1013.5,7.7,24.9,231.8
TN001,2024-01-20,30.2,23.6,26.9,63.0,0.0,9.3,280,1010.8,7.5,18.9,224.7
TN001,2024-01-21,32.8,25.4,29.1,64.4,0.0,19.7,354,1014.3,7.0,33.7,227.1
TN001,2024-01-22,35.5,24.5,30.0,78.8,0.0,8.0,344,1009.0,8.8,29.0,232.5
TN001,2024-01-23,33.3,24.9,29.1,71.9,0.0,10.3,308,1011.6,8.6,30.8,196.5
TN001,2024-01-24,32.2,24.8,28.5,80.5,0.0,11.9,351,1010.2,6.7,27.1,233.7
TN001,2024-01-25,33.5,25.3,29.4,73.9,0.0,11.7,280,1012.5,7.3,15.0,224.6
TN001,2024-01-26,32.7,22.5,27.6,66.1,0.0,15.2,320,1012.3,7.7,23.9,204.0
TN001,2024-01-27,32.0,22.0,27.0,69.0,0.0,8.0,344,1011.9,6.7,33.5,198.2
TN001,2024-01-28,32.7,26.1,29.4,73.6,0.0,8.5,350,1009.4,8.6,8.8,241.3
TN001,2024-01-29,33.7,26.9,30.3,67.5,0.0,10.9,331,1008.7,8.6,24.6,200.6
TN001,2024-01-30,32.0,25.4,28.7,63.4,0.0,16.9,276,1014.6,9.1,34.6,207.7
TN001,2024-01-31,30.6,24.2,27.4,67.2,0.0,17.7,283,1010.3,9.3,4.8,267.0
TN001,2024-02-01,33.2,26.6,29.9,81.8,0.0,8.3,317,1006.1,8.6,15.4,249.6
TN001,2024-02-02,32.8,26.0,29.4,67.9,0.0,17.0,344,1007.2,7.0,26.3,227.7
TN001,2024-02-03,33.9,23.1,28.5,65.5,0.0,8.2,297,1007.3,8.3,21.0,236.0
TN001,2024-02-04,34.8,25.4,30.1,78.3,0.0,16.5,299,1012.2,8.2,26.2,213.1
TN001,2024-02-05,32.5,22.1,27.3,80.9,0.0,13.9,284,1012.5,8.4,18.5,258.0
TN001,2024-02-06,36.4,25.8,31.1,61.2,0.0,19.8,320,1010.2,8.7,26.7,245.3
TN001,2024-02-07,33.3,27.3,30.3,59.6,0.0,10.2,278,1006.7,9.0,17.7,241.6
TN001,2024-02-08,33.2,25.2,29.2,74.8,0.0,7.3,318,1013.6,7.5,10.8,245.4
TN001,2024-02-09,33.1,23.1,28.1,70.9,0.0,12.3,326,1016.4,8.7,2.3,266.7
TN001,2024-02-10,35.4,25.2,30.3,59.4,0.0,7.4,310,1011.4,8.5,10.8,257.0
TN001,2024-02-11,33.6,27.0,30.3,75.0,0.0,17.2,288,1017.4,8.2,27.4,232.7
TN001,2024-02-12,31.4,24.8,28.1,76.7,0.0,10.3,346,1015.6,6.8,28.2,209.1
TN001,2024-02-13,32.5,22.9,27.7,71.8,0.0,7.2,311,1010.8,8.2,19.8,225.7
TN001,2024-02-14,31.9,25.3,28.6,71.8,0.0,17.6,293,1012.4,6.8,30.2,204.9
TN001,2024-02-15,33.5,25.5,29.5,61.6,0.0,20.9,344,1012.7,9.4,25.9,219.7
TN001,2024-02-16,32.9,24.9,28.9,75.3,0.0,10.3,281,1010.7,8.2,31.6,199.7
TN001,2024-02-17,36.4,25.4,30.9,80.9,0.0,7.1,312,1009.2,9.2,11.5,246.6
TN001,2024-02-18,31.3,24.3,27.8,71.5,0.0,10.9,325,1012.0,8.4,17.3,249.4
TN001,2024-02-19,33.9,23.3,28.6,76.3,0.0,9.9,276,1011.2,7.4,12.1,260.0
TN001,2024-02-20,36.7,25.9,31.3,58.0,0.0,16.5,343,1014.5,7.0,18.5,221.0
TN001,2024-02-21,32.9,26.7,29.8,81.9,0.0,17.4,282,1017.1,9.4,18.2,244.6
TN001,2024-02-22,34.8,24.0,29.4,60.0,0.0,7.5,286,1016.0,6.9,19.9,228.9
TN001,2024-02-23,35.4,28.2,31.8,64.3,0.0,11.0,339,1014.0,8.9,11.1,233.1
TN001,2024-02-24,31.8,24.8,28.3,76.7,0.0,15.4,287,1008.3,8.1,14.2,241.9
TN001,2024-02-25,35.4,28.4,31.9,65.4,0.0,10.2,285,1007.5,8.7,28.9,229.4
TN001,2024-02-26,33.4,23.2,28.3,65.9,0.0,7.5,295,1010.6,8.2,23.7,214.8
TN001,2024-02-27,35.2,29.0,32.1,67.7,0.0,13.2,335,1008.6,8.1,28.1,202.6
TN001,2024-02-28,33.4,23.2,28.3,81.6,0.0,8.1,341,1010.8,8.6,22.6,232.5
TN001,2024-02-29,34.3,24.3,29.3,58.5,0.0,7.0,347,1011.5,7.1,31.7,232.1
TN001,2024-03-01,32.7,26.5,29.6,62.0,0.0,15.2,226,1010.8,6.8,23.9,210.2
TN001,2024-03-02,32.7,25.7,29.2,79.2,0.0,6.6,210,1009.1,7.6,14.4,242.4
TN001,2024-03-03,32.4,25.0,28.7,62.8,0.0,20.2,202,1013.8,9.1,27.8,245.6
TN001,2024-03-04,35.5,27.7,31.6,69.6,0.0,20.6,200,1010.3,7.2,11.2,230.3
TN001,2024-03-05,37.0,27.2,32.1,95,49.1,18.3,240,1017.3,7.0,96.6,113.1
TN001,2024-03-06,37.1,26.5,31.8,87.9,49.3,19.5,224,1009.9,9.2,100,103.8
TN001,2024-03-07,36.0,26.0,31.0,79.9,0.0,6.5,216,1017.2,8.4,19.7,216.8
TN001,2024-03-08,37.8,27.4,32.6,65.4,0.0,13.8,167,1008.3,7.3,18.4,209.3
TN001,2024-03-09,35.9,28.9,32.4,95,36.1,19.5,186,1005.8,8.4,86.3,152.9
TN001,2024-03-10,37.3,26.9,32.1,67.0,0.0,21.1,192,1006.8,7.6,4.8,236.2
TN001,2024-03-11,37.6,27.6,32.6,73.6,0.0,8.8,237,1013.8,9.5,27.5,207.7
TN001,2024-03-12,34.6,27.8,31.2,74.5,0.0,8.0,218,1017.1,9.5,13.7,265.5
TN001,2024-03-13,35.8,29.6,32.7,80.1,0.0,21.5,178,1012.2,9.5,4.9,265.4
TN001,2024-03-14,35.4,24.4,29.9,79.2,0.0,7.4,217,1013.7,9.3,15.6,226.4
TN001,2024-03-15,33.2,26.8,30.0,60.6,0.0,6.0,191,1014.8,9.6,31.0,216.3
TN001,2024-03-16,34.9,26.1,30.5,91.2,24.9,16.4,215,1007.9,6.9,67.0,155.9
TN001,2024-03-17,35.7,24.9,30.3,72.1,10.2,17.7,204,1016.7,6.9,36.1,215.1
TN001,2024-03-18,34.1,27.9,31.0,62.0,0.0,20.2,173,1007.0,7.3,6.6,260.6
TN001,2024-03-19,36.8,27.2,32.0,64.8,0.0,9.8,164,1012.5,9.2,5.4,245.5
TN001,2024-03-20,34.6,27.2,30.9,72.4,0.0,9.2,162,1007.9,7.5,2.9,273.1
TN001,2024-03-21,34.5,26.5,30.5,73.9,0.0,7.5,204,1008.1,9.3,12.9,239.2
TN001,2024-03-22,34.5,26.1,30.3,64.4,0.0,7.0,220,1013.9,6.9,12.0,245.3
TN001,2024-03-23,37.7,28.7,33.2,78.2,0.0,19.1,193,1011.8,9.3,16.6,255.8
TN001,2024-03-24,34.5,28.1,31.3,75.1,0.0,14.0,232,1015.3,8.7,21.7,210.6
TN001,2024-03-25,35.8,29.0,32.4,81.3,0.0,18.9,170,1010.6,9.6,15.2,263.6
TN001,2024-03-26,37.1,26.9,32.0,79.9,0.0,20.6,165,1010.3,7.9,11.4,232.9
TN001,2024-03-27,36.5,26.1,31.3,73.0,0.0,14.4,194,1010.7,7.1,20.6,244.1
TN001,2024-03-28,38.6,28.0,33.3,60.4,0.0,10.6,203,1009.5,7.9,13.4,240.5
TN001,2024-03-29,35.1,28.9,32.0,61.5,0.0,15.7,215,1006.1,9.3,11.6,230.6
TN001,2024-03-30,37.9,27.3,32.6,58.5,0.0,19.1,184,1008.8,8.1,24.4,205.8
TN001,2024-03-31,36.4,29.8,33.1,68.6,0.0,19.2,182,1010.4,8.6,6.6,236.3
TN001,2024-04-01,37.9,28.1,33.0,78.8,0.0,19.1,201,1007.3,7.6,17.7,217.0
TN001,2024-04-02,38.3,27.9,33.1,83.6,11.3,19.4,180,1010.9,9.4,41.6,190.5
TN001,2024-04-03,37.4,28.8,33.1,61.0,0.0,6.5,190,1012.5,7.2,30.5,221.6
TN001,2024-04-04,34.6,27.8,31.2,76.0,0.0,17.0,183,1010.4,7.2,20.0,255.2
TN001,2024-04-05,37.9,28.7,33.3,64.5,0.0,12.6,162,1014.7,9.0,0.3,280.2
TN001,2024-04-06,37.0,28.0,32.5,84.4,14.1,10.9,237,1013.2,7.9,34.3,204.4
TN001,2024-04-07,35.1,26.7,30.9,77.8,0.0,12.4,168,1012.0,8.7,29.5,212.4
TN001,2024-04-08,37.1,28.1,32.6,60.6,0.0,7.0,239,1013.2,9.3,9.1,257.8
TN001,2024-04-09,37.3,29.9,33.6,76.4,0.0,20.4,224,1014.9,8.5,23.1,236.7
TN001,2024-04-10,37.5,28.3,32.9,64.2,0.0,12.7,191,1005.8,8.8,20.0,216.5
TN001,2024-04-11,36.6,29.4,33.0,76.8,0.0,20.5,214,1011.5,9.2,29.4,237.7
TN001,2024-04-12,34.0,27.6,30.8,84.6,14.4,18.2,175,1014.0,7.7,24.7,218.2
TN001,2024-04-13,36.9,29.3,33.1,66.0,0.0,10.2,184,1015.6,8.1,30.3,221.8
TN001,2024-04-14,37.2,30.8,34.0,70.0,0.0,19.9,191,1008.8,6.8,29.9,200.0
TN001,2024-04-15,35.0,27.0,31.0,79.8,0.0,13.3,185,1014.4,9.0,17.1,242.6
TN001,2024-04-16,35.6,26.4,31.0,83.8,15.1,8.7,221,1011.7,9.0,25.7,229.7
TN001,2024-04-17,36.8,28.8,32.8,67.2,0.0,6.6,176,1009.9,6.7,11.3,260.8
TN001,2024-04-18,35.8,26.4,31.1,64.0,0.0,17.1,188,1007.3,7.8,20.6,214.5
TN001,2024-04-19,37.4,30.0,33.7,75.5,0.0,15.5,187,1015.9,9.7,12.0,263.3
TN001,2024-04-20,35.3,28.3,31.8,80.0,0.0,12.5,178,1014.4,7.1,25.7,228.5
TN001,2024-04-21,35.0,27.2,31.1,58.9,0.0,20.0,180,1012.2,6.8,34.8,219.4
TN001,2024-04-22,36.1,30.1,33.1,68.0,0.0,12.1,204,1011.1,7.1,24.3,232.5
TN001,2024-04-23,36.4,27.0,31.7,64.5,0.0,15.7,171,1015.6,7.0,25.2,205.6
TN001,2024-04-24,34.3,27.7,31.0,62.8,0.0,10.2,202,1008.2,8.8,10.3,222.6
TN001,2024-04-25,36.1,29.1,32.6,65.9,0.0,6.0,214,1016.4,9.2,23.4,209.7
TN001,2024-04-26,35.3,26.7,31.0,60.4,0.0,10.1,178,1017.7,7.6,16.2,217.3
TN001,2024-04-27,34.4,28.2,31.3,77.2,0.0,11.0,219,1006.9,8.9,1.6,275.4
TN001,2024-04-28,36.7,29.9,33.3,68.5,0.0,15.9,230,1006.5,9.1,6.4,246.1
TN001,2024-04-29,38.3,30.9,34.6,78.4,0.0,18.8,212,1014.6,7.0,24.4,203.8
TN002,2024-01-01,30.4,23.6,27.0,68.0,0.0,15.5,339,1014.7,7.8,13.3,234.3
TN002,2024-01-02,28.1,18.7,23.4,78.1,0.0,21.6,285,1018.4,7.6,14.4,217.1
TN002,2024-01-03,28.2,20.6,24.4,74.9,0.0,16.8,336,1014.0,8.9,34.2,220.6
TN002,2024-01-04,29.1,20.5,24.8,74.8,0.0,7.5,328,1010.0,8.3,23.7,221.1
TN002,2024-01-05,31.2,22.4,26.8,81.7,0.0,6.9,326,1008.5,9.8,29.8,236.8
TN002,2024-01-06,28.0,19.6,23.8,63.8,0.0,21.5,279,1009.9,9.2,14.1,227.0
TN002,2024-01-07,30.4,20.4,25.4,68.8,0.0,19.7,311,1008.3,8.7,22.9,208.1
TN002,2024-01-08,29.7,20.9,25.3,58.0,0.0,7.5,323,1014.4,8.2,17.8,220.4
TN002,2024-01-09,31.8,21.0,26.4,66.7,0.0,6.9,293,1012.2,8.9,21.7,228.3
TN002,2024-01-10,31.2,21.6,26.4,60.7,0.0,18.1,293,1010.8,9.7,33.8,202.3
TN002,2024-01-11,30.7,21.1,25.9,59.1,0.0,8.6,286,1015.4,9.4,3.7,260.4
TN002,2024-01-12,29.9,19.3,24.6,67.4,0.0,13.3,338,1015.7,7.6,14.5,261.0
TN002,2024-01-13,31.7,22.7,27.2,76.5,0.0,13.2,328,1018.0,7.7,17.5,237.0
TN002,2024-01-14,29.4,18.8,24.1,78.1,0.0,13.7,316,1018.2,7.8,20.2,243.2
TN002,2024-01-15,28.5,20.5,24.5,72.4,0.0,20.1,315,1011.7,10.2,32.1,228.2
TN002,2024-01-16,30.5,19.7,25.1,81.3,0.0,13.2,286,1011.9,9.4,26.2,213.3
TN002,2024-01-17,32.1,21.7,26.9,75.1,0.0,21.0,326,1009.0,9.1,10.2,238.0
TN002,2024-01-18,32.3,21.3,26.8,73.6,0.0,21.3,315,1015.0,8.2,4.0,247.0
TN002,2024-01-19,30.5,21.7,26.1,74.0,0.0,12.7,335,1016.9,8.1,29.7,233.8
TN002,2024-01-20,29.4,23.2,26.3,61.5,0.0,16.7,291,1015.7,7.7,10.0,233.5
TN002,2024-01-21,32.4,23.0,27.7,65.1,0.0,18.1,278,1016.2,7.6,30.4,229.4
TN002,2024-01-22,32.7,22.9,27.8,71.5,0.0,9.8,338,1016.0,8.1,23.3,248.7
TN002,2024-01-23,31.4,20.6,26.0,81.4,0.0,11.0,319,1007.0,8.0,21.7,243.7
TN002,2024-01-24,33.0,22.8,27.9,79.9,0.0,17.3,327,1015.5,8.9,21.1,244.3
TN002,2024-01-25,32.1,24.7,28.4,62.3,0.0,16.9,290,1008.4,8.8,13.2,237.9
TN002,2024-01-26,30.1,23.5,26.8,72.0,0.0,10.1,301,1015.2,7.7,5.4,243.6
TN002,2024-01-27,30.1,19.5,24.8,72.8,0.0,16.6,314,1013.9,8.3,27.4,212.5
TN002,2024-01-28,29.0,22.0,25.5,59.6,0.0,14.1,308,1013.3,7.5,7.7,234.9
TN002,2024-01-29,29.9,22.1,26.0,63.2,0.0,18.0,317,1018.8,9.7,34.3,187.4
TN002,2024-01-30,31.5,23.3,27.4,79.7,0.0,15.8,325,1018.0,9.3,11.2,265.1
TN002,2024-01-31,32.6,24.6,28.6,71.0,0.0,10.5,348,1016.1,8.4,28.1,217.9
TN002,2024-02-01,30.3,19.9,25.1,62.6,0.0,14.2,351,1009.0,10.1,18.8,209.0
TN002,2024-02-02,29.9,20.5,25.2,76.6,0.0,19.8,309,1008.2,8.9,24.6,249.4
TN002,2024-02-03,32.7,23.5,28.1,80.6,0.0,18.0,287,1011.9,8.2,3.1,233.4
TN002,2024-02-04,32.6,23.8,28.2,71.8,0.0,9.6,296,1011.0,9.1,15.2,214.6
TN002,2024-02-05,32.1,23.5,27.8,73.4,0.0,15.9,335,1013.5,9.4,2.5,277.9
TN002,2024-02-06,30.6,20.6,25.6,65.2,0.0,7.4,336,1012.1,8.4,23.1,226.4
TN002,2024-02-07,30.6,24.0,27.3,67.4,0.0,18.8,319,1018.1,7.7,23.7,247.5
TN002,2024-02-08,33.2,23.6,28.4,67.0,0.0,21.2,319,1013.0,7.6,0.2,264.6
TN002,2024-02-09,32.8,22.0,27.4,65.3,0.0,18.0,347,1010.6,8.5,22.6,229.0
TN002,2024-02-10,29.6,22.4,26.0,78.0,0.0,9.1,290,1016.4,9.8,29.8,239.9
TN002,2024-02-11,33.6,25.2,29.4,71.2,0.0,10.7,280,1007.3,9.4,17.1,227.6
TN002,2024-02-12,30.5,21.3,25.9,60.4,0.0,15.9,347,1010.6,8.6,21.6,220.0
TN002,2024-02-13,32.2,23.4,27.8,66.7,0.0,11.1,309,1006.5,8.0,7.8,261.1
TN002,2024-02-14,32.4,22.2,27.3,61.2,0.0,17.7,345,1012.1,8.3,10.7,247.6
TN002,2024-02-15,30.8,21.8,26.3,78.2,0.0,19.7,286,1013.2,8.0,31.0,195.4
TN002,2024-02-16,28.9,22.9,25.9,70.2,0.0,6.5,322,1011.7,9.0,31.7,218.2
TN002,2024-02-17,33.4,22.4,27.9,69.3,0.0,18.4,304,1009.1,9.6,25.7,213.6
TN002,2024-02-18,31.9,23.3,27.6,67.5,0.0,14.0,328,1016.7,9.7,21.5,213.2
TN002,2024-02-19,31.9,23.7,27.8,62.3,0.0,21.2,328,1018.1,9.5,16.9,229.3
TN002,2024-02-20,30.9,22.5,26.7,59.5,0.0,11.9,278,1009.1,10.0,12.6,240.8
TN002,2024-02-21,30.8,24.6,27.7,81.5,0.0,11.2,331,1012.7,9.7,29.2,207.3
TN002,2024-02-22,31.5,24.7,28.1,73.7,0.0,11.8,327,1016.4,8.8,13.2,261.9
TN002,2024-02-23,31.9,24.1,28.0,78.8,0.0,13.8,314,1013.7,8.8,4.9,236.4
TN002,2024-02-24,30.9,21.7,26.3,63.1,0.0,9.0,304,1015.3,7.6,8.1,264.2
TN002,2024-02-25,33.2,24.8,29.0,69.5,0.0,9.4,288,1016.2,7.3,1.5,261.6
TN002,2024-02-26,31.4,22.2,26.8,58.9,0.0,15.2,279,1009.7,7.8,33.5,218.1
TN002,2024-02-27,31.4,25.4,28.4,75.3,0.0,16.6,298,1007.3,8.6,34.7,229.8
TN002,2024-02-28,32.0,21.8,26.9,72.4,0.0,18.7,341,1008.8,9.2,9.3,258.2
TN002,2024-02-29,31.7,23.5,27.6,72.2,0.0,9.7,306,1007.8,7.9,30.1,218.1
TN002,2024-03-01,31.4,24.6,28.0,69.4,0.0,15.8,163,1015.8,8.8,4.1,253.4
TN002,2024-03-02,31.4,22.4,26.9,79.5,0.0,18.4,212,1012.9,8.4,1.5,259.4
TN002,2024-03-03,32.3,22.3,27.3,67.1,0.0,15.4,219,1015.7,9.3,3.4,236.9
TN002,2024-03-04,32.0,24.8,28.4,64.8,0.0,20.0,193,1008.6,9.4,27.6,225.3
TN002,2024-03-05,30.0,24.0,27.0,74.5,0.0,11.1,189,1008.5,9.2,8.9,265.3
TN002,2024-03-06,32.1,24.3,28.2,74.3,0.0,18.1,193,1015.8,8.7,13.0,244.5
TN002,2024-03-07,31.4,23.8,27.6,74.9,0.0,17.8,228,1014.4,9.5,15.6,248.1
TN002,2024-03-08,30.8,23.8,27.3,66.1,0.0,14.8,216,1015.0,7.7,33.8,187.9
TN002,2024-03-09,30.5,23.7,27.1,68.4,0.0,7.0,178,1007.5,7.4,13.5,265.3
TN002,2024-03-10,33.5,24.9,29.2,72.3,0.0,21.1,226,1013.8,8.6,7.1,257.9
TN002,2024-03-11,33.7,26.3,30.0,80.1,19.4,9.7,174,1006.4,8.0,29.1,202.1
TN002,2024-03-12,35.7,25.9,30.8,67.5,0.0,15.4,201,1014.7,7.5,3.2,244.7
TN002,2024-03-13,35.5,24.9,30.2,81.1,0.0,10.4,209,1008.3,10.0,20.1,219.9
TN002,2024-03-14,31.8,25.2,28.5,85.9,10.3,18.8,237,1016.8,9.7,35.6,219.9
TN002,2024-03-15,35.2,26.4,30.8,76.2,0.0,21.4,197,1011.4,9.0,1.0,239.4
TN002,2024-03-16,31.9,22.7,27.3,74.2,0.0,9.7,185,1018.0,8.8,0.3,276.2
TN002,2024-03-17,31.2,24.8,28.0,77.7,0.0,7.2,235,1012.1,8.3,31.3,204.6
TN002,2024-03-18,35.6,26.2,30.9,70.0,0.0,9.2,219,1016.3,7.9,7.1,237.5
TN002,2024-03-19,33.0,26.2,29.6,80.1,0.0,16.8,213,1013.4,9.5,19.0,210.5
TN002,2024-03-20,33.7,24.5,29.1,81.6,0.0,20.4,230,1012.1,10.2,32.1,204.1
TN002,2024-03-21,32.5,23.7,28.1,82.2,25.5,14.7,200,1011.1,9.3,44.4,221.7
TN002,2024-03-22,34.3,25.9,30.1,58.3,0.0,9.4,206,1009.9,9.1,9.1,249.7
TN002,2024-03-23,32.5,24.1,28.3,66.8,0.0,14.0,177,1014.7,8.4,29.9,207.1
TN002,2024-03-24,31.4,24.8,28.1,63.5,0.0,7.6,182,1009.2,8.5,13.3,223.7
TN002,2024-03-25,34.6,27.8,31.2,62.2,0.0,14.0,240,1016.0,8.8,25.2,239.0
TN002,2024-03-26,33.0,24.2,28.6,67.6,0.0,17.0,165,1016.0,8.7,22.0,226.7
TN002,2024-03-27,32.7,24.9,28.8,80.4,0.0,10.1,162,1007.7,9.9,33.7,197.8
TN002,2024-03-28,34.4,25.2,29.8,76.7,0.0,11.7,214,1011.9,9.5,31.1,210.5
TN002,2024-03-29,33.3,24.1,28.7,62.0,0.0,18.9,187,1013.8,9.0,29.7,197.0
TN002,2024-03-30,31.9,24.7,28.3,65.0,0.0,10.3,212,1009.6,8.6,30.2,210.9
TN002,2024-03-31,35.4,24.6,30.0,62.4,0.0,6.4,218,1013.9,10.1,24.5,204.7
TN002,2024-04-01,31.7,25.1,28.4,85.1,27.8,6.4,192,1015.5,7.5,50.9,171.5
TN002,2024-04-02,35.6,25.2,30.4,63.9,0.0,10.5,210,1007.5,9.8,1.0,266.8
TN002,2024-04-03,35.0,27.4,31.2,81.4,0.0,14.6,182,1011.1,10.2,24.4,209.7
TN002,2024-04-04,34.8,25.6,30.2,71.5,0.0,14.4,211,1009.7,8.3,18.9,248.8
TN002,2024-04-05,33.5,25.7,29.6,65.3,0.0,6.0,225,1016.3,8.3,16.4,212.5
TN002,2024-04-06,37.0,26.2,31.6,58.2,0.0,12.9,183,1008.5,7.3,13.1,237.2
TN002,2024-04-07,34.2,26.2,30.2,75.7,0.0,12.2,190,1009.1,8.5,8.4,261.5
TN002,2024-04-08,36.6,26.6,31.6,64.8,0.0,17.9,225,1010.6,9.8,6.4,240.5
TN002,2024-04-09,35.1,26.1,30.6,72.9,0.0,9.0,162,1006.5,8.9,6.5,231.0
TN002,2024-04-10,33.9,24.3,29.1,63.6,0.0,8.4,199,1010.3,8.2,28.0,245.7
TN002,2024-04-11,34.9,24.9,29.9,78.2,0.0,21.2,164,1015.3,7.5,16.5,221.5
TN002,2024-04-12,36.5,26.5,31.5,60.9,0.0,18.3,180,1015.0,8.6,25.8,200.6
TN002,2024-04-13,34.9,25.1,30.0,81.6,0.0,13.6,215,1009.7,8.2,22.0,206.3
TN002,2024-04-14,36.2,27.6,31.9,73.3,0.0,9.2,231,1016.0,7.9,4.0,261.0
TN002,2024-04-15,32.9,26.1,29.5,60.9,0.0,18.6,161,1006.6,9.6,16.6,241.6
TN002,2024-04-16,33.0,26.6,29.8,60.2,0.0,15.9,234,1018.0,9.1,2.1,264.3
TN002,2024-04-17,36.1,26.1,31.1,63.6,0.0,21.7,223,1014.9,9.7,15.4,223.1
TN002,2024-04-18,35.0,27.2,31.1,79.6,0.0,13.8,195,1009.3,9.3,6.6,235.1
TN002,2024-04-19,34.6,25.0,29.8,78.0,0.0,20.6,204,1006.9,7.7,10.3,233.7
TN002,2024-04-20,32.9,26.9,29.9,67.1,0.0,9.0,161,1016.3,9.6,8.4,259.3
TN002,2024-04-21,35.4,26.8,31.1,70.6,0.0,14.0,204,1013.1,8.2,22.4,209.2
TN002,2024-04-22,33.8,27.4,30.6,61.1,0.0,20.0,176,1011.7,7.5,20.0,248.8
TN002,2024-04-23,35.4,26.8,31.1,64.1,0.0,11.9,208,1006.6,10.0,7.3,249.4
TN002,2024-04-24,35.3,28.9,32.1,59.5,0.0,14.9,235,1010.6,8.4,24.8,241.5
TN002,2024-04-25,32.7,26.5,29.6,85.9,10.5,21.4,168,1014.8,8.8,22.4,229.9
TN002,2024-04-26,34.2,25.0,29.6,76.0,0.0,12.6,168,1013.7,8.3,16.1,245.7
TN002,2024-04-27,35.6,28.8,32.2,67.6,0.0,11.4,173,1017.5,8.6,12.3,233.5
TN002,2024-04-28,36.4,28.8,32.6,76.3,0.0,12.9,218,1012.8,8.9,7.5,262.8
TN002,2024-04-29,36.0,28.8,32.4,68.7,0.0,12.4,218,1017.3,9.0,18.1,259.3
UP001,2024-01-01,19.3,11.7,15.5,48.3,0.0,19.7,277,1018.8,6.1,9.7,249.1
UP001,2024-01-02,21.9,11.3,16.6,46.7,0.0,6.6,303,1010.3,5.1,20.4,218.1
UP001,2024-01-03,20.9,14.5,17.7,52.6,0.0,20.7,334,1017.1,6.4,6.1,267.7
UP001,2024-01-04,21.7,12.9,17.3,64.8,0.0,15.5,299,1017.3,5.8,2.7,234.0
UP001,2024-01-05,21.6,13.8,17.7,62.6,0.0,12.7,344,1018.9,4.7,22.8,233.2
UP001,2024-01-06,19.7,9.9,14.8,52.2,0.0,10.9,278,1015.5,4.5,17.6,221.4
UP001,2024-01-07,19.8,10.2,15.0,52.4,0.0,13.1,323,1015.1,4.7,10.1,240.6
UP001,2024-01-08,18.6,12.2,15.4,56.7,0.0,6.8,307,1009.9,5.5,27.1,203.6
UP001,2024-01-09,19.9,11.1,15.5,54.7,0.0,16.4,291,1016.3,6.2,8.6,226.5
UP001,2024-01-10,22.0,14.4,18.2,65.2,0.0,7.4,329,1013.4,5.1,11.2,249.0
UP001,2024-01-11,19.1,11.5,15.3,66.7,0.0,15.9,354,1014.2,4.5,1.6,273.7
UP001,2024-01-12,19.9,12.1,16.0,61.2,0.0,19.6,284,1009.5,6.9,32.4,233.1
UP001,2024-01-13,21.6,15.6,18.6,59.7,0.0,7.8,311,1008.6,4.7,18.8,218.9
UP001,2024-01-14,21.1,13.9,17.5,54.6,0.0,17.7,286,1016.9,4.1,20.4,239.6
UP001,2024-01-15,19.1,12.3,15.7,49.8,0.0,18.6,324,1009.5,6.0,0.3,254.0
UP001,2024-01-16,21.8,11.6,16.7,58.8,0.0,19.8,277,1019.1,6.0,8.1,242.7
UP001,2024-01-17,22.8,16.4,19.6,50.6,0.0,19.9,318,1010.3,5.5,16.0,258.9
UP001,2024-01-18,19.4,12.2,15.8,55.7,0.0,11.3,306,1010.7,5.1,12.3,249.0
UP001,2024-01-19,22.2,11.4,16.8,55.0,0.0,19.0,325,1019.2,6.7,28.5,196.6
UP001,2024-01-20,21.8,14.4,18.1,46.6,0.0,20.4,328,1009.4,5.2,33.6,218.6
UP001,2024-01-21,22.1,14.9,18.5,48.8,0.0,8.4,353,1019.2,5.0,19.0,218.7
UP001,2024-01-22,21.1,12.3,16.7,62.2,0.0,19.8,300,1017.1,5.6,4.7,278.2
UP001,2024-01-23,23.5,16.7,20.1,65.4,0.0,20.7,300,1014.7,6.9,4.1,245.1
UP001,2024-01-24,24.6,15.0,19.8,61.4,0.0,20.1,308,1013.0,5.4,32.7,233.9
UP001,2024-01-25,23.8,16.4,20.1,61.7,0.0,7.7,290,1017.1,5.9,9.3,250.3
UP001,2024-01-26,21.0,13.8,17.4,59.5,0.0,11.7,330,1014.2,5.5,21.2,240.9
UP001,2024-01-27,23.1,12.9,18.0,54.8,0.0,8.2,290,1008.8,6.3,0.5,247.8
UP001,2024-01-28,23.2,13.4,18.3,66.7,0.0,18.1,280,1019.5,7.0,30.3,217.1
UP001,2024-01-29,22.1,13.9,18.0,48.9,0.0,12.5,278,1017.2,5.2,11.0,250.2
UP001,2024-01-30,24.3,15.3,19.8,55.6,0.0,20.0,338,1014.3,5.4,28.9,196.7
UP001,2024-01-31,25.2,16.6,20.9,52.5,0.0,17.8,320,1014.0,5.9,1.7,247.2
UP001,2024-02-01,22.4,14.8,18.6,62.9,0.0,13.4,309,1015.6,4.2,18.1,216.8
UP001,2024-02-02,24.5,16.3,20.4,60.3,0.0,7.8,337,1019.2,6.1,4.7,249.1
UP001,2024-02-03,22.3,15.5,18.9,57.2,0.0,17.4,291,1013.7,4.8,24.2,246.5
UP001,2024-02-04,25.2,15.6,20.4,46.0,0.0,7.8,311,1012.3,5.6,13.4,255.8
UP001,2024-02-05,24.7,13.9,19.3,52.1,0.0,12.1,336,1019.1,5.7,23.1,210.2
UP001,2024-02-06,24.3,17.5,20.9,60.1,0.0,12.7,300,1017.0,5.4,21.9,210.2
UP001,2024-02-07,21.5,14.5,18.0,57.9,0.0,10.0,312,1018.7,5.7,0.2,278.9
UP001,2024-02-08,23.0,14.0,18.5,54.4,0.0,12.6,281,1015.5,4.8,19.2,239.1
UP001,2024-02-09,25.0,14.8,19.9,44.2,0.0,8.4,327,1008.5,6.6,23.3,244.3
UP001,2024-02-10,24.2,13.6,18.9,44.2,0.0,12.7,289,1016.3,5.9,24.2,230.9
UP001,2024-02-11,24.4,17.6,21.0,53.9,0.0,15.3,350,1008.9,4.9,12.9,235.9
UP001,2024-02-12,22.3,14.1,18.2,56.2,0.0,10.7,286,1016.7,4.9,18.4,235.5
UP001,2024-02-13,25.3,16.3,20.8,45.6,0.0,17.7,325,1019.7,5.5,24.1,248.0
UP001,2024-02-14,25.7,18.3,22.0,57.6,0.0,11.1,317,1019.5,5.1,4.5,256.8
UP001,2024-02-15,24.8,15.6,20.2,54.8,0.0,8.9,324,1016.5,7.0,0.1,236.1
UP001,2024-02-16,24.0,17.4,20.7,63.4,0.0,18.8,355,1012.8,5.0,19.6,239.4
UP001,2024-02-17,21.8,14.8,18.3,49.8,0.0,18.6,300,1014.4,5.0,0.2,269.0
UP001,2024-02-18,24.6,15.0,19.8,57.8,0.0,6.5,289,1012.0,5.0,23.5,247.9
UP001,2024-02-19,26.3,17.1,21.7,54.6,0.0,16.0,346,1014.1,5.0,27.4,217.3
UP001,2024-02-20,26.6,16.4,21.5,50.2,0.0,17.6,300,1014.1,4.7,24.0,241.4
UP001,2024-02-21,26.1,18.3,22.2,66.3,0.0,10.5,277,1019.4,5.9,29.5,222.2
UP001,2024-02-22,24.8,15.8,20.3,63.8,0.0,18.0,331,1011.7,4.1,14.5,239.6
UP001,2024-02-23,23.8,15.6,19.7,65.8,0.0,9.5,299,1009.4,6.4,27.2,242.6
UP001,2024-02-24,23.8,17.6,20.7,54.6,0.0,14.0,290,1018.9,6.2,18.3,248.2
UP001,2024-02-25,24.7,14.3,19.5,62.7,0.0,21.0,329,1009.7,6.2,16.1,248.1
UP001,2024-02-26,24.1,18.1,21.1,65.4,0.0,17.0,323,1008.8,5.4,1.6,258.8
UP001,2024-02-27,25.6,18.0,21.8,56.9,0.0,11.0,346,1011.5,4.6,9.7,237.4
UP001,2024-02-28,24.3,17.7,21.0,46.6,0.0,10.4,276,1015.3,5.6,7.2,242.4
UP001,2024-02-29,24.0,17.2,20.6,59.9,0.0,10.5,295,1008.7,5.9,11.9,240.5
UP001,2024-03-01,24.1,15.7,19.9,45.5,0.0,6.9,194,1010.2,5.8,20.7,247.8
UP001,2024-03-02,26.7,17.7,22.2,62.6,0.0,17.4,214,1014.0,7.0,26.5,221.2
UP001,2024-03-03,25.0,15.0,20.0,54.2,0.0,13.3,215,1016.5,5.4,8.1,234.8
UP001,2024-03-04,27.5,18.5,23.0,52.4,0.0,17.2,213,1016.9,6.7,15.9,214.3
UP001,2024-03-05,25.5,17.7,21.6,47.1,0.0,18.3,208,1009.2,4.3,28.6,234.8
UP001,2024-03-06,25.7,16.5,21.1,55.8,0.0,12.4,193,1015.2,5.7,34.1,206.5
UP001,2024-03-07,26.2,16.2,21.2,61.8,0.0,13.0,223,1014.3,4.7,23.2,206.4
UP001,2024-03-08,28.0,19.2,23.6,57.2,0.0,13.4,204,1017.1,4.6,33.5,191.6
UP001,2024-03-09,25.4,15.4,20.4,52.1,0.0,13.9,213,1009.0,6.5,31.1,236.6
UP001,2024-03-10,25.6,19.6,22.6,46.6,0.0,14.5,191,1014.4,4.6,23.9,217.4
UP001,2024-03-11,27.7,17.1,22.4,65.6,0.0,13.0,239,1011.7,4.3,0.3,283.9
UP001,2024-03-12,25.1,18.5,21.8,51.9,0.0,14.8,164,1016.1,6.5,12.6,260.4
UP001,2024-03-13,27.4,20.2,23.8,52.5,0.0,11.1,191,1011.8,5.7,23.2,226.3
UP001,2024-03-14,25.1,17.1,21.1,63.2,0.0,8.5,240,1015.8,4.4,2.5,232.3
UP001,2024-03-15,27.5,19.1,23.3,66.8,0.0,7.4,211,1012.3,5.4,27.6,226.6
UP001,2024-03-16,25.6,18.8,22.2,56.2,0.0,13.2,188,1009.8,5.8,20.2,249.1
UP001,2024-03-17,25.8,17.2,21.5,56.1,0.0,11.9,238,1014.5,6.1,4.0,253.5
UP001,2024-03-18,26.8,20.0,23.4,66.6,0.0,21.7,222,1012.9,4.3,31.1,195.9
UP001,2024-03-19,27.5,17.7,22.6,44.9,0.0,16.1,224,1011.2,4.2,12.0,257.1
UP001,2024-03-20,27.0,18.4,22.7,60.6,0.0,12.7,237,1017.0,4.9,1.2,279.5
UP001,2024-03-21,28.7,19.1,23.9,44.5,0.0,13.6,174,1007.8,7.0,28.3,226.6
UP001,2024-03-22,25.3,18.9,22.1,63.4,0.0,10.4,171,1011.0,6.6,0.5,239.9
UP001,2024-03-23,26.2,17.2,21.7,53.7,0.0,18.9,181,1016.1,5.5,28.0,238.9
UP001,2024-03-24,25.7,19.3,22.5,65.4,0.0,8.5,200,1019.4,6.3,8.3,245.4
UP001,2024-03-25,27.2,20.2,23.7,51.3,0.0,16.3,220,1008.7,4.5,14.0,230.5
UP001,2024-03-26,29.1,19.3,24.2,52.1,0.0,17.3,198,1008.9,6.6,0.4,280.8
UP001,2024-03-27,27.8,18.4,23.1,59.4,0.0,6.7,233,1015.0,6.9,15.1,259.8
UP001,2024-03-28,28.6,21.0,24.8,45.4,0.0,16.5,191,1016.3,6.3,25.7,228.5
UP001,2024-03-29,26.0,18.4,22.2,47.3,0.0,14.8,214,1017.5,4.1,3.4,235.4
UP001,2024-03-30,26.8,19.8,23.3,47.6,0.0,6.4,167,1018.6,6.0,29.2,241.6
UP001,2024-03-31,28.9,19.3,24.1,63.6,0.0,8.1,213,1018.0,5.7,33.9,232.3
UP001,2024-04-01,28.0,20.8,24.4,65.5,0.0,16.2,234,1010.4,5.3,31.6,229.3
UP001,2024-04-02,26.4,19.6,23.0,61.7,0.0,12.1,187,1008.1,6.9,9.3,244.0
UP001,2024-04-03,29.1,18.5,23.8,47.3,0.0,13.9,172,1016.5,4.7,22.5,249.1
UP001,2024-04-04,28.0,21.4,24.7,56.7,0.0,10.0,196,1017.8,4.5,22.4,250.3
UP001,2024-04-05,28.3,20.9,24.6,64.7,0.0,15.2,201,1018.4,5.5,15.3,255.8
UP001,2024-04-06,30.1,20.1,25.1,43.1,0.0,21.3,225,1012.8,5.7,32.7,207.2
UP001,2024-04-07,28.8,20.8,24.8,66.0,0.0,7.5,203,1018.6,4.3,16.1,250.8
UP001,2024-04-08,28.1,21.3,24.7,53.1,11.1,17.1,232,1014.6,5.1,19.6,239.2
UP001,2024-04-09,28.4,21.8,25.1,60.3,0.0,15.5,199,1007.7,5.7,10.8,246.6
UP001,2024-04-10,29.7,21.5,25.6,43.9,0.0,6.9,223,1007.4,4.4,28.2,228.9
UP001,2024-04-11,28.8,19.4,24.1,46.6,0.0,15.3,234,1007.6,4.5,22.9,226.5
UP001,2024-04-12,29.1,22.9,26.0,46.1,0.0,8.8,164,1010.5,6.4,16.0,221.1
UP001,2024-04-13,29.8,19.8,24.8,54.9,0.0,18.8,178,1016.7,5.3,28.4,244.3
UP001,2024-04-14,29.0,21.4,25.2,56.8,0.0,8.2,227,1016.5,6.3,20.8,222.7
UP001,2024-04-15,26.4,19.6,23.0,59.7,0.0,14.9,195,1018.5,4.2,3.5,272.5
UP001,2024-04-16,30.0,20.2,25.1,50.1,13.8,8.9,167,1014.8,6.7,35.3,226.0
UP001,2024-04-17,30.5,21.1,25.8,58.4,0.0,14.4,193,1018.1,5.9,1.3,242.2
UP001,2024-04-18,30.1,19.3,24.7,61.8,0.0,11.6,160,1009.9,4.4,18.6,213.7
UP001,2024-04-19,29.1,19.3,24.2,48.3,0.0,18.3,213,1010.5,4.6,27.9,230.2
UP001,2024-04-20,30.9,22.5,26.7,59.1,0.0,6.7,212,1010.1,5.3,11.7,258.9
UP001,2024-04-21,29.0,22.8,25.9,65.2,0.0,8.8,223,1012.6,4.4,31.3,227.3
UP001,2024-04-22,29.1,21.5,25.3,59.2,0.0,11.2,222,1010.9,4.3,25.8,242.4
UP001,2024-04-23,28.1,20.9,24.5,54.6,0.0,20.2,172,1018.2,5.4,13.6,222.8
UP001,2024-04-24,30.6,21.4,26.0,47.9,0.0,8.0,215,1007.5,4.4,29.8,216.2
UP001,2024-04-25,27.7,19.9,23.8,57.5,0.0,18.6,211,1014.6,4.5,34.0,230.2
UP001,2024-04-26,28.6,18.4,23.5,66.9,0.0,15.5,227,1010.7,6.2,25.8,211.2
UP001,2024-04-27,29.0,20.2,24.6,57.2,0.0,8.4,206,1007.1,7.0,1.4,256.6
UP001,2024-04-28,29.5,23.3,26.4,54.5,0.0,18.8,226,1012.1,4.8,19.5,208.3
UP001,2024-04-29,31.7,20.9,26.3,50.1,0.0,16.4,167,1012.5,4.9,24.6,243.5
UP002,2024-01-01,19.9,13.7,16.8,53.9,0.0,18.3,345,1013.5,5.7,13.0,240.0
UP002,2024-01-02,21.6,11.2,16.4,44.7,0.0,20.3,302,1009.1,4.6,9.4,269.1
UP002,2024-01-03,21.1,11.1,16.1,61.9,0.0,7.3,345,1017.6,3.5,33.1,222.4
UP002,2024-01-04,20.9,14.3,17.6,51.8,0.0,15.9,304,1010.6,5.0,2.3,267.2
UP002,2024-01-05,20.5,9.5,15.0,48.7,0.0,7.8,313,1020.3,5.0,33.6,198.4
UP002,2024-01-06,20.8,13.6,17.2,51.5,0.0,10.3,329,1011.9,3.5,12.1,242.4
UP002,2024-01-07,19.7,13.1,16.4,60.0,0.0,16.9,318,1012.2,5.2,28.0,243.1
UP002,2024-01-08,23.0,12.2,17.6,44.6,0.0,20.3,312,1009.4,6.0,10.1,268.7
UP002,2024-01-09,18.6,11.2,14.9,59.7,0.0,13.9,345,1015.3,5.2,10.3,269.1
UP002,2024-01-10,20.0,13.4,16.7,51.3,0.0,13.1,327,1012.2,3.5,30.5,203.9
UP002,2024-01-11,23.0,13.8,18.4,52.9,0.0,11.5,327,1012.2,5.1,24.4,242.9
UP002,2024-01-12,20.3,12.7,16.5,46.2,0.0,18.6,289,1011.8,4.8,34.0,225.9
UP002,2024-01-13,18.9,11.1,15.0,53.9,0.0,8.7,349,1017.5,4.2,34.1,229.2
UP002,2024-01-14,22.4,13.0,17.7,46.7,0.0,9.8,278,1012.3,3.7,9.1,231.5
UP002,2024-01-15,20.3,14.1,17.2,50.6,0.0,11.5,305,1015.0,3.8,10.6,266.2
UP002,2024-01-16,20.9,12.5,16.7,46.5,0.0,13.3,301,1008.7,5.5,34.1,203.8
UP002,2024-01-17,22.2,13.8,18.0,50.0,0.0,21.1,353,1015.3,3.7,19.8,252.6
UP002,2024-01-18,21.7,12.3,17.0,60.6,0.0,20.4,286,1015.2,4.2,14.1,257.3
UP002,2024-01-19,20.3,13.9,17.1,44.3,0.0,16.3,322,1011.2,6.1,9.7,222.5
UP002,2024-01-20,21.7,13.5,17.6,59.1,0.0,7.4,316,1010.8,4.3,21.2,252.5
UP002,2024-01-21,23.0,15.2,19.1,46.6,0.0,19.7,305,1012.7,4.2,12.3,266.7
UP002,2024-01-22,22.3,15.9,19.1,60.5,0.0,13.1,354,1017.8,4.2,28.2,244.0
UP002,2024-01-23,22.6,12.2,17.4,46.3,0.0,15.4,282,1011.0,4.7,30.4,241.8
UP002,2024-01-24,21.4,10.6,16.0,61.1,0.0,7.4,308,1019.8,4.5,19.5,243.2
UP002,2024-01-25,22.2,15.6,18.9,47.5,0.0,12.1,319,1008.7,5.8,29.2,209.3
UP002,2024-01-26,22.4,14.0,18.2,43.6,0.0,6.0,296,1019.8,5.8,16.5,244.6
UP002,2024-01-27,23.6,15.6,19.6,54.8,0.0,17.0,295,1009.5,4.1,34.8,189.6
UP002,2024-01-28,23.6,14.6,19.1,56.6,0.0,19.9,325,1013.9,5.4,4.2,254.7
UP002,2024-01-29,23.6,13.4,18.5,46.9,0.0,6.9,301,1018.8,3.7,5.7,240.7
UP002,2024-01-30,23.3,12.7,18.0,51.5,0.0,10.6,317,1019.6,4.8,26.8,206.6
UP002,2024-01-31,21.7,11.9,16.8,56.0,0.0,20.0,341,1016.9,4.2,24.0,235.8
UP002,2024-02-01,21.3,12.3,16.8,62.8,0.0,6.2,316,1013.1,4.8,11.9,263.9
UP002,2024-02-02,20.4,13.6,17.0,48.3,0.0,9.0,347,1016.0,5.8,18.4,235.8
UP002,2024-02-03,23.7,13.9,18.8,45.7,0.0,13.4,281,1018.1,6.1,16.8,227.1
UP002,2024-02-04,23.2,13.2,18.2,64.4,0.0,15.6,336,1012.5,5.4,1.0,274.3
UP002,2024-02-05,22.8,12.6,17.7,46.4,0.0,9.6,285,1010.0,3.5,24.2,240.3
UP002,2024-02-06,22.1,12.3,17.2,61.2,0.0,6.7,284,1018.1,4.8,2.1,238.0
UP002,2024-02-07,21.2,14.8,18.0,59.0,0.0,18.1,338,1019.4,3.9,31.5,200.1
UP002,2024-02-08,21.7,15.3,18.5,63.3,0.0,21.1,351,1012.5,3.8,17.5,246.9
UP002,2024-02-09,22.5,13.7,18.1,45.4,0.0,15.3,276,1011.0,3.9,9.9,266.2
UP002,2024-02-10,24.8,14.0,19.4,45.4,0.0,9.4,315,1016.6,4.4,20.6,228.1
UP002,2024-02-11,24.6,17.6,21.1,51.5,0.0,12.1,292,1010.5,3.6,34.5,192.9
UP002,2024-02-12,21.1,14.5,17.8,61.3,0.0,17.3,320,1008.9,4.3,4.1,243.4
UP002,2024-02-13,23.7,16.1,19.9,66.4,0.0,13.1,319,1011.5,5.9,6.6,229.2
UP002,2024-02-14,25.1,16.7,20.9,59.3,0.0,8.9,355,1013.7,3.6,15.3,246.5
UP002,2024-02-15,21.4,14.6,18.0,52.6,0.0,15.4,283,1019.5,6.2,2.3,280.5
UP002,2024-02-16,23.6,14.6,19.1,66.8,0.0,8.0,342,1016.9,4.1,25.0,229.1
UP002,2024-02-17,23.9,13.9,18.9,58.5,0.0,12.4,313,1015.5,4.5,17.0,225.1
UP002,2024-02-18,24.3,17.7,21.0,49.0,0.0,14.0,325,1009.4,3.6,1.8,235.9
UP002,2024-02-19,26.1,15.3,20.7,52.2,0.0,16.9,287,1015.3,3.6,2.7,268.8
UP002,2024-02-20,26.1,16.1,21.1,47.8,0.0,16.6,314,1010.9,4.3,30.1,220.2
UP002,2024-02-21,25.0,18.8,21.9,53.3,0.0,20.6,306,1011.4,4.4,16.1,214.1
UP002,2024-02-22,25.6,15.2,20.4,50.3,0.0,17.3,314,1009.5,5.4,17.1,216.5
UP002,2024-02-23,25.7,16.3,21.0,59.4,0.0,15.2,313,1018.1,4.8,13.7,240.6
UP002,2024-02-24,26.8,17.8,22.3,51.5,0.0,21.6,301,1007.9,3.4,29.3,211.4
UP002,2024-02-25,24.5,18.3,21.4,64.4,0.0,11.5,283,1011.9,4.4,12.3,250.8
UP002,2024-02-26,24.1,14.9,19.5,57.2,0.0,20.6,280,1011.8,4.3,0.7,250.3
UP002,2024-02-27,25.7,15.3,20.5,56.6,0.0,20.4,296,1016.3,5.1,34.5,205.6
UP002,2024-02-28,24.7,15.9,20.3,62.4,0.0,7.6,329,1012.0,4.8,26.8,214.5
UP002,2024-02-29,25.1,17.3,21.2,53.5,0.0,14.0,343,1017.2,5.8,18.8,223.0
UP002,2024-03-01,24.5,13.5,19.0,48.4,0.0,17.9,167,1018.3,3.6,11.8,221.8
UP002,2024-03-02,26.3,17.9,22.1,62.1,0.0,16.4,184,1017.2,4.6,18.9,218.5
UP002,2024-03-03,25.2,16.0,20.6,61.3,0.0,8.9,161,1016.3,5.9,20.2,217.4
UP002,2024-03-04,27.8,18.0,22.9,65.5,0.0,14.5,209,1016.6,4.6,19.8,238.6
UP002,2024-03-05,25.2,17.4,21.3,46.6,0.0,17.0,184,1013.0,4.3,29.1,197.5
UP002,2024-03-06,24.1,16.1,20.1,58.5,0.0,10.1,208,1012.9,3.6,6.7,237.9
UP002,2024-03-07,26.8,18.4,22.6,53.5,0.0,16.4,163,1009.4,3.7,9.0,262.6
UP002,2024-03-08,25.4,18.6,22.0,66.1,0.0,13.8,162,1017.9,3.6,21.1,248.8
UP002,2024-03-09,27.1,19.1,23.1,58.8,0.0,7.4,235,1016.1,3.7,3.9,266.3
UP002,2024-03-10,27.6,19.0,23.3,65.8,0.0,20.9,180,1018.0,4.0,4.3,269.3
UP002,2024-03-11,25.5,16.5,21.0,61.0,0.0,9.8,194,1009.5,3.8,33.9,209.5
UP002,2024-03-12,25.2,16.2,20.7,52.0,0.0,21.2,185,1012.9,5.3,33.7,231.8
UP002,2024-03-13,27.4,19.6,23.5,62.7,0.0,6.3,237,1014.6,5.8,23.2,249.6
UP002,2024-03-14,27.6,17.6,22.6,56.3,0.0,10.9,237,1011.8,5.7,4.3,272.3
UP002,2024-03-15,27.4,19.4,23.4,52.4,0.0,21.6,180,1008.4,5.8,8.2,234.0
UP002,2024-03-16,28.9,18.3,23.6,64.1,0.0,18.3,193,1007.7,5.9,28.8,241.7
UP002,2024-03-17,26.0,18.0,22.0,60.2,0.0,20.0,226,1017.5,5.4,17.7,227.8
UP002,2024-03-18,27.6,17.6,22.6,53.9,0.0,6.4,164,1015.2,5.2,27.7,203.0
UP002,2024-03-19,26.4,17.2,21.8,45.0,0.0,8.5,201,1019.3,5.8,26.7,240.0
UP002,2024-03-20,28.1,18.1,23.1,54.5,0.0,17.8,181,1015.6,5.8,28.0,205.7
UP002,2024-03-21,25.5,18.5,22.0,65.7,0.0,20.1,178,1019.0,6.1,22.6,234.7
UP002,2024-03-22,29.5,18.7,24.1,59.8,0.0,8.7,192,1012.3,4.1,3.1,249.1
UP002,2024-03-23,27.6,21.0,24.3,53.4,0.0,20.7,196,1015.2,3.7,25.0,209.5
UP002,2024-03-24,29.0,19.0,24.0,54.9,0.0,8.1,229,1014.4,6.3,9.9,255.0
UP002,2024-03-25,26.3,18.3,22.3,50.0,0.0,10.2,209,1018.4,4.4,23.9,224.4
UP002,2024-03-26,24.1,17.5,20.8,59.6,0.0,17.0,217,1016.3,5.5,9.0,227.2
UP002,2024-03-27,24.8,17.2,21.0,64.8,0.0,21.9,235,1019.4,5.1,26.2,200.6
UP002,2024-03-28,26.4,17.4,21.9,52.5,0.0,11.9,237,1014.3,5.0,9.1,247.4
UP002,2024-03-29,29.9,19.5,24.7,50.6,0.0,14.5,171,1008.5,3.4,4.5,272.3
UP002,2024-03-30,29.3,19.5,24.4,49.8,0.0,20.0,209,1016.3,4.1,11.0,264.2
UP002,2024-03-31,27.8,16.8,22.3,46.6,0.0,19.6,213,1017.1,3.5,5.2,239.2
UP002,2024-04-01,25.0,17.6,21.3,53.5,0.0,21.9,234,1008.2,4.4,24.8,224.5
UP002,2024-04-02,28.3,18.1,23.2,46.0,0.0,7.5,229,1009.5,3.8,17.8,223.7
UP002,2024-04-03,29.4,20.4,24.9,66.3,0.0,14.4,206,1012.0,3.5,26.9,231.2
UP002,2024-04-04,28.0,21.8,24.9,59.3,0.0,12.3,207,1018.4,5.8,5.4,231.5
UP002,2024-04-05,29.3,20.1,24.7,65.9,0.0,15.5,160,1018.7,5.3,33.3,204.6
UP002,2024-04-06,29.2,19.6,24.4,56.7,0.0,9.4,164,1014.8,4.3,1.9,235.9
UP002,2024-04-07,29.4,21.4,25.4,47.3,0.0,21.4,229,1008.0,5.9,5.7,266.0
UP002,2024-04-08,27.7,17.9,22.8,45.9,0.0,13.9,195,1017.1,4.2,24.0,208.0
UP002,2024-04-09,29.4,19.2,24.3,54.8,0.0,20.2,198,1013.9,4.6,26.5,238.4
UP002,2024-04-10,28.3,20.1,24.2,44.0,0.0,11.5,197,1009.9,5.4,5.4,252.2
UP002,2024-04-11,28.6,20.0,24.3,53.5,0.0,20.5,198,1008.9,3.7,31.6,232.8
UP002,2024-04-12,27.7,20.3,24.0,45.9,3.7,7.7,194,1008.3,5.3,25.4,212.1
UP002,2024-04-13,26.2,19.8,23.0,45.7,0.0,16.6,174,1009.6,4.5,2.9,274.8
UP002,2024-04-14,27.7,18.7,23.2,59.1,0.0,16.0,181,1019.0,5.9,6.6,235.0
UP002,2024-04-15,29.5,20.5,25.0,45.6,0.0,14.6,160,1008.4,3.8,16.7,246.2
UP002,2024-04-16,31.0,20.2,25.6,54.7,0.0,15.9,238,1011.2,5.3,24.2,220.9
UP002,2024-04-17,26.7,20.1,23.4,45.8,4.8,21.5,229,1009.8,5.2,29.9,214.9
UP002,2024-04-18,29.7,19.7,24.7,50.2,0.0,13.4,198,1007.3,3.8,5.3,262.7
UP002,2024-04-19,30.4,22.0,26.2,57.0,0.0,9.2,206,1016.8,3.5,0.3,266.1
UP002,2024-04-20,30.6,19.8,25.2,60.7,0.0,15.5,204,1010.4,4.8,17.0,240.8
UP002,2024-04-21,29.6,20.2,24.9,54.7,0.0,17.4,202,1012.1,4.2,2.2,276.6
UP002,2024-04-22,28.3,19.9,24.1,65.5,0.0,11.5,216,1007.4,4.2,6.7,242.8
UP002,2024-04-23,27.0,20.0,23.5,51.1,0.0,15.6,227,1015.2,3.7,10.3,256.1
UP002,2024-04-24,31.5,21.3,26.4,60.6,0.0,18.7,224,1016.9,5.2,9.9,258.6
UP002,2024-04-25,28.6,22.0,25.3,57.5,0.0,7.6,193,1018.9,4.2,7.3,227.1
UP002,2024-04-26,28.0,17.6,22.8,46.8,0.0,19.2,232,1007.8,3.5,15.1,244.7
UP002,2024-04-27,26.8,19.6,23.2,51.2,0.0,11.7,164,1017.9,4.1,5.3,262.1
UP002,2024-04-28,29.6,20.2,24.9,65.2,0.0,13.0,197,1017.1,3.6,3.7,260.3
UP002,2024-04-29,31.4,20.6,26.0,44.0,0.0,7.7,210,1017.3,6.0,5.5,241.9
RJ001,2024-01-01,19.4,10.8,15.1,60.6,0.0,7.6,327,1013.0,5.7,29.7,215.4
RJ001,2024-01-02,19.9,10.1,15.0,48.9,0.0,18.9,302,1015.1,5.6,13.0,254.5
RJ001,2024-01-03,19.6,10.2,14.9,46.6,0.0,18.1,309,1011.8,7.7,14.5,235.2
RJ001,2024-01-04,20.5,10.3,15.4,62.1,0.0,11.8,277,1010.7,5.4,28.2,242.7
RJ001,2024-01-05,17.8,10.2,14.0,66.6,0.0,8.6,280,1018.3,7.3,22.5,248.6
RJ001,2024-01-06,18.6,9.4,14.0,60.1,0.0,16.6,317,1012.7,6.5,23.8,229.4
RJ001,2024-01-07,19.9,10.1,15.0,64.8,0.0,6.1,297,1015.3,8.1,24.5,223.0
RJ001,2024-01-08,19.1,10.3,14.7,61.9,0.0,16.4,331,1019.7,7.7,14.2,225.0
RJ001,2024-01-09,18.3,12.1,15.2,51.0,0.0,17.6,334,1010.5,8.3,9.9,225.8
RJ001,2024-01-10,20.6,12.0,16.3,61.2,0.0,8.6,277,1018.3,7.1,8.4,261.9
RJ001,2024-01-11,22.6,11.6,17.1,45.7,0.0,7.0,305,1016.1,6.4,1.7,265.2
RJ001,2024-01-12,18.4,11.0,14.7,60.7,0.0,13.3,354,1018.7,8.3,19.8,252.0
RJ001,2024-01-13,21.1,12.5,16.8,57.3,0.0,11.6,298,1018.1,7.5,23.5,237.8
RJ001,2024-01-14,20.1,12.9,16.5,50.9,0.0,15.3,341,1013.0,5.6,24.9,241.6
RJ001,2024-01-15,18.0,11.6,14.8,64.3,0.0,13.6,311,1013.5,6.9,20.6,232.1
RJ001,2024-01-16,19.9,12.5,16.2,55.0,0.0,12.8,310,1019.9,6.8,34.1,228.5
RJ001,2024-01-17,18.5,11.9,15.2,60.1,0.0,8.1,331,1019.3,5.7,7.4,248.3
RJ001,2024-01-18,23.1,12.3,17.7,51.9,0.0,21.2,323,1013.4,5.7,20.0,209.0
RJ001,2024-01-19,19.4,11.6,15.5,66.8,0.0,10.9,314,1018.4,5.8,20.6,208.6
RJ001,2024-01-20,23.7,13.3,18.5,48.2,0.0,19.1,314,1009.8,6.4,30.5,213.2
RJ001,2024-01-21,21.7,12.9,17.3,64.6,0.0,18.5,313,1017.2,7.2,26.7,222.9
RJ001,2024-01-22,21.0,12.8,16.9,53.8,0.0,19.9,301,1018.2,7.3,14.3,226.6
RJ001,2024-01-23,21.2,12.4,16.8,66.0,0.0,20.2,334,1016.4,7.9,24.8,228.9
RJ001,2024-01-24,23.3,13.7,18.5,56.5,0.0,8.0,320,1010.6,7.2,20.2,209.4
RJ001,2024-01-25,21.1,14.1,17.6,54.4,0.0,20.3,285,1019.7,5.9,0.7,273.4
RJ001,2024-01-26,21.2,11.6,16.4,64.3,0.0,13.1,340,1016.0,6.5,1.6,275.9
RJ001,2024-01-27,19.7,11.5,15.6,53.0,0.0,19.8,300,1012.0,5.7,3.5,238.5
RJ001,2024-01-28,19.8,12.6,16.2,45.2,0.0,10.9,308,1010.8,7.2,11.4,220.4
RJ001,2024-01-29,19.9,11.9,15.9,50.7,0.0,12.6,301,1013.3,7.8,4.2,239.2
RJ001,2024-01-30,23.3,14.3,18.8,54.8,0.0,18.0,306,1009.6,5.5,16.3,232.5
RJ001,2024-01-31,21.8,13.8,17.8,48.6,0.0,20.2,297,1020.0,7.4,8.6,250.7
RJ001,2024-02-01,22.9,15.3,19.1,52.8,0.0,7.3,326,1010.6,8.2,13.1,265.9
RJ001,2024-02-02,23.5,14.9,19.2,53.2,0.0,20.6,311,1008.2,6.7,29.0,208.9
RJ001,2024-02-03,23.0,17.0,20.0,65.4,0.0,13.7,323,1018.1,6.5,12.3,249.4
RJ001,2024-02-04,22.9,14.3,18.6,44.1,0.0,17.8,320,1011.9,6.5,4.3,236.0
RJ001,2024-02-05,22.2,14.8,18.5,53.4,0.0,15.8,352,1012.1,7.4,12.0,231.3
RJ001,2024-02-06,23.5,15.3,19.4,48.9,0.0,21.7,302,1013.6,7.1,0.6,268.8
RJ001,2024-02-07,22.1,16.1,19.1,54.4,0.0,20.4,329,1013.1,8.0,24.6,238.7
RJ001,2024-02-08,23.7,13.7,18.7,58.6,0.0,7.2,277,1018.2,7.3,23.5,219.7
RJ001,2024-02-09,25.0,14.8,19.9,51.6,0.0,8.8,336,1016.4,5.4,16.2,259.1
RJ001,2024-02-10,22.1,14.9,18.5,43.5,0.0,10.5,349,1012.6,5.6,21.5,220.1
RJ001,2024-02-11,23.3,16.1,19.7,54.9,0.0,11.8,297,1018.9,7.5,7.3,234.6
RJ001,2024-02-12,24.2,16.2,20.2,63.9,0.0,15.1,315,1014.6,7.3,19.8,241.4
RJ001,2024-02-13,22.4,16.0,19.2,46.1,0.0,7.0,296,1015.0,6.0,18.3,248.5
RJ001,2024-02-14,22.5,13.1,17.8,66.8,0.0,17.1,318,1011.5,7.0,15.9,259.6
RJ001,2024-02-15,25.1,14.3,19.7,44.2,0.0,21.0,310,1020.0,6.2,23.8,225.0
RJ001,2024-02-16,23.6,13.8,18.7,64.2,0.0,9.6,297,1013.3,6.7,0.2,244.5
RJ001,2024-02-17,22.0,13.2,17.6,43.6,0.0,17.8,353,1013.6,5.6,8.7,231.0
RJ001,2024-02-18,23.2,14.0,18.6,45.3,0.0,13.7,340,1015.4,7.2,11.7,231.1
RJ001,2024-02-19,21.5,14.3,17.9,51.2,0.0,6.9,302,1017.9,8.2,27.2,227.9
RJ001,2024-02-20,25.2,16.0,20.6,56.9,0.0,7.4,280,1008.3,6.3,29.7,196.7
RJ001,2024-02-21,23.4,12.8,18.1,53.6,0.0,10.8,325,1009.2,7.4,19.6,222.3
RJ001,2024-02-22,22.4,16.0,19.2,61.0,0.0,9.7,323,1016.1,5.4,13.4,256.0
RJ001,2024-02-23,25.8,16.8,21.3,51.2,0.0,21.0,338,1013.2,6.3,6.7,230.8
RJ001,2024-02-24,23.5,17.1,20.3,61.9,0.0,9.1,321,1015.6,6.1,14.7,250.7
RJ001,2024-02-25,23.3,16.1,19.7,62.1,0.0,7.0,300,1013.3,8.2,26.4,213.6
RJ001,2024-02-26,26.5,16.7,21.6,46.5,0.0,10.9,302,1012.1,5.4,20.5,240.2
RJ001,2024-02-27,22.6,14.0,18.3,63.0,0.0,19.7,309,1010.7,5.9,31.8,229.7
RJ001,2024-02-28,24.3,14.9,19.6,59.7,0.0,21.7,323,1012.1,7.1,33.7,218.6
RJ001,2024-02-29,23.4,16.6,20.0,53.9,0.0,18.6,278,1010.6,5.3,7.8,235.6
RJ001,2024-03-01,24.5,17.3,20.9,65.9,0.0,11.3,219,1010.3,5.9,34.6,204.7
RJ001,2024-03-02,21.8,15.6,18.7,50.0,0.0,9.1,207,1017.4,5.5,1.0,243.5
RJ001,2024-03-03,24.4,14.0,19.2,51.2,0.0,14.9,174,1008.4,7.9,31.9,191.4
RJ001,2024-03-04,25.2,17.4,21.3,45.7,0.0,21.0,184,1010.6,7.8,23.1,249.7
RJ001,2024-03-05,28.1,17.1,22.6,64.1,0.0,7.0,172,1018.6,7.7,6.7,244.5
RJ001,2024-03-06,24.7,15.7,20.2,48.9,0.0,6.7,209,1010.2,6.9,27.6,212.7
RJ001,2024-03-07,24.0,14.0,19.0,63.4,0.0,21.5,231,1010.7,5.6,16.5,245.1
RJ001,2024-03-08,23.5,14.9,19.2,58.5,0.0,14.1,200,1013.7,6.3,13.1,251.4
RJ001,2024-03-09,26.0,17.6,21.8,52.6,0.0,20.7,207,1008.1,6.0,7.1,268.2
RJ001,2024-03-10,24.4,16.8,20.6,56.7,0.0,21.0,190,1014.5,5.7,2.9,253.2
RJ001,2024-03-11,25.0,16.0,20.5,57.9,0.0,12.8,197,1012.8,7.7,11.1,238.6
RJ001,2024-03-12,23.5,16.3,19.9,51.6,0.0,7.3,227,1014.2,7.3,27.5,242.8
RJ001,2024-03-13,22.9,16.5,19.7,47.8,0.0,9.1,186,1011.7,7.8,23.9,215.3
RJ001,2024-03-14,27.7,16.7,22.2,61.1,0.0,17.8,233,1007.7,6.2,28.8,233.8
RJ001,2024-03-15,25.1,17.1,21.1,58.7,0.0,13.6,201,1016.9,5.8,13.9,226.9
RJ001,2024-03-16,26.7,18.3,22.5,61.9,0.0,18.1,218,1013.0,7.7,11.0,229.0
RJ001,2024-03-17,27.4,18.0,22.7,53.8,0.0,14.9,190,1014.4,5.7,33.0,189.3
RJ001,2024-03-18,28.0,17.8,22.9,53.1,0.0,17.0,192,1016.8,6.9,11.4,220.2
RJ001,2024-03-19,28.2,17.6,22.9,65.9,0.0,11.3,210,1014.7,7.2,30.3,241.6
RJ001,2024-03-20,24.6,16.6,20.6,47.5,0.0,7.7,206,1013.3,8.0,3.3,235.6
RJ001,2024-03-21,25.2,19.0,22.1,54.7,0.0,9.0,166,1019.1,6.2,8.2,256.5
RJ001,2024-03-22,23.3,17.1,20.2,47.1,0.0,19.8,193,1009.8,5.7,18.8,232.6
RJ001,2024-03-23,25.7,14.9,20.3,46.1,0.0,9.3,195,1016.5,6.8,21.1,252.4
RJ001,2024-03-24,26.7,18.1,22.4,49.6,0.0,6.1,171,1008.3,6.5,28.3,221.7
RJ001,2024-03-25,29.0,18.6,23.8,56.8,0.0,17.8,183,1017.8,6.7,24.5,236.3
RJ001,2024-03-26,25.9,16.9,21.4,47.2,0.0,10.0,232,1016.5,6.7,31.9,199.5
RJ001,2024-03-27,26.6,18.6,22.6,48.8,0.0,19.9,182,1015.0,6.2,32.1,225.0
RJ001,2024-03-28,26.8,19.8,23.3,66.8,0.0,14.8,240,1008.3,5.6,26.8,213.8
RJ001,2024-03-29,25.9,18.7,22.3,54.1,0.0,7.2,216,1016.5,6.5,26.1,241.2
RJ001,2024-03-30,25.1,19.1,22.1,65.0,0.0,11.2,220,1013.4,5.5,19.2,220.2
RJ001,2024-03-31,27.8,21.0,24.4,63.2,0.0,8.7,161,1008.3,6.2,18.7,228.4
RJ001,2024-04-01,25.9,16.1,21.0,46.7,0.0,11.7,177,1008.2,7.4,7.6,259.2
RJ001,2024-04-02,29.1,19.1,24.1,60.2,0.0,20.4,191,1010.9,5.5,0.2,273.3
RJ001,2024-04-03,29.2,18.6,23.9,48.7,0.0,7.5,194,1019.1,6.3,6.7,259.1
RJ001,2024-04-04,26.9,16.5,21.7,62.9,0.0,8.7,173,1012.6,5.7,11.4,247.1
RJ001,2024-04-05,25.2,18.2,21.7,65.5,0.0,7.9,177,1011.9,5.9,14.1,231.1
RJ001,2024-04-06,26.6,18.4,22.5,62.6,0.0,16.4,190,1008.3,6.0,10.6,250.1
RJ001,2024-04-07,28.3,21.7,25.0,66.8,0.0,19.6,174,1018.5,7.1,34.3,221.8
RJ001,2024-04-08,29.2,18.4,23.8,51.0,0.0,16.2,231,1011.1,7.9,16.9,228.1
RJ001,2024-04-09,28.1,19.1,23.6,58.4,0.0,9.7,207,1019.1,6.0,21.6,249.6
RJ001,2024-04-10,27.3,17.7,22.5,57.9,0.0,7.0,190,1011.1,5.8,7.2,226.8
RJ001,2024-04-11,29.5,20.5,25.0,60.7,0.0,11.3,182,1014.7,7.6,18.2,258.4
RJ001,2024-04-12,27.7,20.3,24.0,56.7,11.5,9.9,203,1018.1,7.3,25.9,233.1
RJ001,2024-04-13,28.8,19.8,24.3,50.7,0.0,13.1,160,1017.6,5.5,6.7,257.3
RJ001,2024-04-14,25.6,18.6,22.1,57.2,0.0,19.3,235,1010.4,5.6,25.4,215.0
RJ001,2024-04-15,28.0,20.8,24.4,49.0,0.0,10.6,196,1014.7,6.1,27.3,200.8
RJ001,2024-04-16,29.5,21.5,25.5,53.6,0.0,14.1,219,1016.0,7.8,27.8,197.1
RJ001,2024-04-17,28.3,18.1,23.2,65.1,0.0,15.5,172,1016.1,6.1,16.2,235.0
RJ001,2024-04-18,27.7,18.7,23.2,46.3,0.0,13.5,172,1009.6,5.4,17.5,246.8
RJ001,2024-04-19,29.1,18.5,23.8,66.3,0.0,12.0,199,1014.9,7.1,14.3,216.9
RJ001,2024-04-20,29.5,21.5,25.5,47.7,0.0,13.0,180,1017.9,7.5,17.8,234.5
RJ001,2024-04-21,29.4,20.0,24.7,65.2,0.0,17.8,179,1007.5,7.8,22.1,237.9
RJ001,2024-04-22,29.4,20.2,24.8,53.9,0.0,16.9,180,1014.3,8.2,29.5,194.3
RJ001,2024-04-23,29.7,20.5,25.1,52.5,0.0,15.4,232,1013.2,5.9,14.8,255.8
RJ001,2024-04-24,26.9,19.3,23.1,58.8,0.0,12.1,185,1012.3,8.0,25.5,203.7
RJ001,2024-04-25,29.6,19.8,24.7,46.4,0.0,18.0,234,1011.8,6.3,34.5,227.5
RJ001,2024-04-26,25.4,19.0,22.2,55.6,0.0,16.5,219,1009.6,6.5,24.6,210.5
RJ001,2024-04-27,28.4,17.6,23.0,62.5,0.0,9.0,165,1009.6,7.6,9.1,267.4
RJ001,2024-04-28,28.5,19.3,23.9,63.8,0.0,8.7,183,1011.8,6.2,12.0,247.5
RJ001,2024-04-29,29.0,19.6,24.3,44.5,0.0,18.0,161,1014.1,8.3,3.4,256.4
RJ002,2024-01-01,19.3,10.3,14.8,66.7,0.0,18.2,350,1014.7,5.8,15.0,232.5
RJ002,2024-01-02,23.9,12.9,18.4,62.6,0.0,21.1,328,1012.9,5.0,12.5,234.0
RJ002,2024-01-03,19.5,11.3,15.4,59.8,0.0,17.6,346,1010.6,6.6,30.4,206.4
RJ002,2024-01-04,22.9,12.9,17.9,51.8,0.0,15.9,328,1014.1,6.1,6.6,275.1
RJ002,2024-01-05,24.0,14.0,19.0,43.4,0.0,11.8,279,1017.9,5.8,15.6,243.5
RJ002,2024-01-06,21.3,12.3,16.8,45.0,0.0,12.8,350,1019.8,7.8,30.0,238.3
RJ002,2024-01-07,21.9,14.5,18.2,47.7,0.0,8.3,317,1015.2,7.4,17.7,216.6
RJ002,2024-01-08,22.4,14.8,18.6,59.2,0.0,14.8,345,1010.3,6.2,4.0,262.5
RJ002,2024-01-09,19.9,12.9,16.4,61.1,0.0,16.6,282,1013.9,7.0,5.6,273.6
RJ002,2024-01-10,24.1,14.3,19.2,48.3,0.0,10.1,313,1018.9,5.2,4.8,255.0
RJ002,2024-01-11,21.8,15.4,18.6,59.6,0.0,20.0,350,1017.5,6.6,22.5,222.4
RJ002,2024-01-12,23.4,13.8,18.6,52.2,0.0,16.3,320,1018.6,7.3,7.8,229.9
RJ002,2024-01-13,19.4,13.0,16.2,60.8,0.0,21.0,335,1010.2,5.9,29.9,240.8
RJ002,2024-01-14,21.2,15.2,18.2,44.5,0.0,14.6,343,1020.1,5.8,12.8,251.0
RJ002,2024-01-15,23.5,14.9,19.2,57.4,0.0,9.6,307,1014.6,6.2,5.1,275.0
RJ002,2024-01-16,23.6,15.2,19.4,53.9,0.0,15.6,287,1016.1,7.2,24.6,230.5
RJ002,2024-01-17,22.9,11.9,17.4,46.0,0.0,21.9,332,1014.3,7.3,17.3,246.0
RJ002,2024-01-18,23.3,12.3,17.8,51.0,0.0,19.2,292,1017.2,7.3,24.5,203.3
RJ002,2024-01-19,23.2,16.4,19.8,54.7,0.0,12.3,354,1016.0,7.4,34.7,213.8
RJ002,2024-01-20,22.5,13.1,17.8,66.8,0.0,18.1,306,1014.8,5.7,24.4,210.6
RJ002,2024-01-21,23.9,15.9,19.9,46.1,0.0,18.0,321,1017.7,7.4,24.8,223.2
RJ002,2024-01-22,20.6,14.0,17.3,59.7,0.0,10.7,287,1011.2,7.1,25.7,199.5
RJ002,2024-01-23,24.0,15.2,19.6,59.3,0.0,21.8,287,1019.5,6.1,29.5,240.0
RJ002,2024-01-24,22.6,11.8,17.2,47.3,0.0,6.8,353,1016.4,6.6,33.9,218.9
RJ002,2024-01-25,21.6,15.4,18.5,48.8,0.0,13.8,330,1019.8,6.8,13.1,251.2
RJ002,2024-01-26,24.7,15.5,20.1,61.7,0.0,19.8,327,1011.3,6.8,12.9,222.9
RJ002,2024-01-27,21.6,13.2,17.4,59.1,0.0,14.2,277,1015.4,6.6,9.6,258.8
RJ002,2024-01-28,23.8,16.8,20.3,54.6,0.0,16.3,310,1014.8,5.1,2.2,277.4
RJ002,2024-01-29,23.9,16.9,20.4,62.5,0.0,6.3,319,1014.4,7.3,17.1,237.0
RJ002,2024-01-30,24.4,14.8,19.6,62.0,0.0,8.0,335,1019.7,7.5,6.3,256.1
RJ002,2024-01-31,22.5,13.7,18.1,62.2,0.0,8.0,285,1010.9,5.3,19.7,250.0
RJ002,2024-02-01,23.0,12.2,17.6,55.1,0.0,11.8,319,1013.6,7.7,0.0,250.0
RJ002,2024-02-02,25.6,17.0,21.3,61.8,0.0,16.5,311,1014.7,6.9,18.3,258.7
RJ002,2024-02-03,23.3,14.7,19.0,48.0,0.0,7.6,341,1011.0,5.4,10.5,261.9
RJ002,2024-02-04,26.0,17.0,21.5,48.2,0.0,11.7,285,1015.2,5.1,8.9,241.6
RJ002,2024-02-05,25.4,17.4,21.4,45.0,0.0,10.1,309,1016.1,6.4,2.5,268.1
RJ002,2024-02-06,26.6,17.2,21.9,47.6,0.0,12.0,328,1017.5,6.6,14.7,222.1
RJ002,2024-02-07,26.0,17.8,21.9,43.6,0.0,15.7,281,1009.1,5.2,19.2,211.4
RJ002,2024-02-08,24.5,16.7,20.6,51.0,0.0,10.4,345,1010.6,4.9,13.2,265.0
RJ002,2024-02-09,22.9,16.3,19.6,65.2,0.0,8.8,333,1011.8,7.3,17.1,237.5
RJ002,2024-02-10,26.2,15.8,21.0,56.2,0.0,15.7,347,1009.8,7.7,13.6,233.2
RJ002,2024-02-11,26.7,15.9,21.3,55.8,0.0,15.5,343,1013.5,5.2,0.3,260.3
RJ002,2024-02-12,22.3,15.7,19.0,52.1,0.0,17.8,279,1016.9,7.8,24.8,212.7
RJ002,2024-02-13,25.7,16.1,20.9,47.4,0.0,21.8,339,1013.8,5.7,15.0,261.1
RJ002,2024-02-14,27.1,17.1,22.1,50.3,0.0,19.7,351,1012.5,5.8,3.2,234.5
RJ002,2024-02-15,27.0,16.2,21.6,47.0,0.0,6.9,334,1014.3,6.3,30.6,240.3
RJ002,2024-02-16,24.7,16.1,20.4,60.5,0.0,13.7,316,1019.9,7.5,24.4,221.1
RJ002,2024-02-17,26.6,16.0,21.3,60.9,0.0,17.4,331,1016.7,5.6,25.9,246.3
RJ002,2024-02-18,27.4,17.0,22.2,55.7,0.0,15.7,324,1019.1,6.9,30.9,217.9
RJ002,2024-02-19,23.1,16.7,19.9,63.1,0.0,14.2,351,1013.1,6.0,13.1,222.3
RJ002,2024-02-20,26.3,19.1,22.7,55.9,0.0,18.3,284,1011.1,5.7,7.5,261.4
RJ002,2024-02-21,24.9,17.9,21.4,50.3,0.0,20.9,326,1017.6,4.9,16.2,243.2
RJ002,2024-02-22,25.1,17.3,21.2,57.8,0.0,11.3,303,1007.8,7.5,6.5,243.6
RJ002,2024-02-23,23.9,15.5,19.7,45.0,0.0,14.2,287,1009.5,6.3,5.4,260.3
RJ002,2024-02-24,24.3,16.3,20.3,50.2,0.0,12.9,290,1017.7,5.2,15.4,255.4
RJ002,2024-02-25,24.0,16.2,20.1,53.4,0.0,11.7,345,1010.4,5.4,1.4,252.8
RJ002,2024-02-26,27.8,17.2,22.5,46.8,0.0,9.2,313,1015.5,5.6,14.7,241.9
RJ002,2024-02-27,27.6,18.0,22.8,50.8,0.0,18.2,346,1013.5,7.6,29.5,213.1
RJ002,2024-02-28,23.4,16.8,20.1,43.5,0.0,8.5,315,1017.2,5.5,23.7,218.9
RJ002,2024-02-29,28.5,18.9,23.7,53.4,0.0,10.6,314,1016.4,5.6,5.3,253.1
RJ002,2024-03-01,25.8,16.0,20.9,66.9,0.0,10.0,226,1010.2,7.0,28.3,230.4
RJ002,2024-03-02,25.4,18.4,21.9,57.2,0.0,16.2,178,1009.2,4.9,34.7,232.9
RJ002,2024-03-03,26.2,17.2,21.7,44.2,0.0,12.5,185,1015.3,5.5,11.8,242.4
RJ002,2024-03-04,26.7,17.5,22.1,49.5,0.0,10.5,188,1012.6,5.8,1.7,234.7
RJ002,2024-03-05,25.3,15.5,20.4,54.3,0.0,20.5,168,1010.1,7.7,12.7,232.4
RJ002,2024-03-06,23.6,17.6,20.6,63.7,0.0,11.3,219,1012.2,7.2,18.5,227.7
RJ002,2024-03-07,26.4,19.4,22.9,64.3,0.0,8.1,219,1008.9,6.6,31.9,223.1
RJ002,2024-03-08,26.0,16.4,21.2,44.8,0.0,14.7,187,1016.5,7.8,7.1,261.1
RJ002,2024-03-09,24.2,17.2,20.7,49.1,0.0,20.0,228,1018.7,7.8,31.3,213.6
RJ002,2024-03-10,28.7,18.1,23.4,53.1,0.0,20.9,200,1007.6,6.6,24.4,207.3
RJ002,2024-03-11,25.2,16.4,20.8,59.7,0.0,17.9,192,1016.1,7.4,34.0,195.7
RJ002,2024-03-12,27.7,19.7,23.7,52.6,0.0,10.3,175,1009.2,5.5,24.4,244.8
RJ002,2024-03-13,28.0,19.8,23.9,55.6,0.0,10.9,178,1015.7,6.5,6.0,228.9
RJ002,2024-03-14,24.9,18.7,21.8,64.2,0.0,20.8,182,1017.1,6.8,8.7,264.0
RJ002,2024-03-15,26.1,20.1,23.1,57.5,0.0,11.9,167,1015.8,6.5,25.3,220.0
RJ002,2024-03-16,27.3,19.7,23.5,62.6,0.0,19.2,178,1018.9,5.4,34.0,214.3
RJ002,2024-03-17,29.9,20.1,25.0,45.6,0.0,17.9,191,1014.8,7.4,22.2,231.5
RJ002,2024-03-18,28.0,20.8,24.4,57.0,0.0,18.9,220,1009.0,5.5,25.4,217.9
RJ002,2024-03-19,28.0,21.6,24.8,47.4,0.0,19.8,175,1012.9,7.0,22.7,204.3
RJ002,2024-03-20,25.4,18.6,22.0,57.6,0.0,7.1,166,1010.5,7.6,34.0,192.4
RJ002,2024-03-21,28.3,18.7,23.5,57.5,0.0,12.0,162,1017.2,7.1,22.6,205.5
RJ002,2024-03-22,25.6,19.2,22.4,58.1,0.0,6.2,237,1019.0,5.2,25.8,215.8
RJ002,2024-03-23,27.9,20.9,24.4,56.5,0.0,13.1,173,1011.1,5.3,2.0,266.8
RJ002,2024-03-24,27.4,20.8,24.1,45.5,0.0,10.7,201,1017.2,5.3,31.9,191.5
RJ002,2024-03-25,26.8,20.0,23.4,48.4,0.0,20.1,191,1017.9,7.3,3.9,238.0
RJ002,2024-03-26,25.5,18.9,22.2,51.6,0.0,15.9,169,1018.6,7.6,31.3,221.4
RJ002,2024-03-27,26.8,18.2,22.5,59.3,0.0,8.4,213,1011.1,7.3,12.2,223.1
RJ002,2024-03-28,30.2,20.8,25.5,62.5,0.0,17.4,166,1006.9,7.6,5.2,260.5
RJ002,2024-03-29,27.2,19.2,23.2,61.9,0.0,13.7,165,1014.3,7.7,9.7,225.9
RJ002,2024-03-30,29.5,22.5,26.0,50.7,0.0,12.8,215,1011.8,7.2,11.7,258.7
RJ002,2024-03-31,28.3,21.1,24.7,54.9,0.0,14.5,203,1016.9,6.0,20.3,227.7
RJ002,2024-04-01,29.2,19.8,24.5,59.9,0.0,9.8,160,1019.0,4.9,19.5,255.6
RJ002,2024-04-02,29.0,22.8,25.9,63.4,0.0,19.9,226,1010.4,5.3,29.9,241.7
RJ002,2024-04-03,29.5,22.3,25.9,44.3,0.0,8.2,237,1015.3,6.0,0.9,282.0
RJ002,2024-04-04,28.6,19.0,23.8,44.8,0.0,19.4,230,1007.6,5.9,2.8,234.9
RJ002,2024-04-05,29.7,19.7,24.7,47.4,0.0,17.9,220,1015.4,5.7,14.4,231.7
RJ002,2024-04-06,30.3,20.9,25.6,46.7,0.0,20.1,163,1015.9,6.3,0.4,276.1
RJ002,2024-04-07,30.5,20.1,25.3,62.9,0.0,20.7,200,1015.5,6.1,5.5,276.0
RJ002,2024-04-08,30.1,19.3,24.7,48.1,0.0,15.9,178,1009.3,7.1,19.6,249.6
RJ002,2024-04-09,30.1,21.7,25.9,58.4,0.0,19.2,173,1016.5,6.8,6.8,230.9
RJ002,2024-04-10,27.6,18.6,23.1,43.7,0.0,10.5,203,1008.2,6.6,26.5,213.4
RJ002,2024-04-11,29.6,20.4,25.0,49.5,0.0,21.6,205,1013.8,7.2,1.6,248.5
RJ002,2024-04-12,29.6,23.6,26.6,49.8,0.0,12.4,176,1015.7,7.0,34.1,222.4
RJ002,2024-04-13,27.3,19.3,23.3,45.4,0.0,18.9,172,1014.4,6.0,20.5,248.9
RJ002,2024-04-14,27.6,20.8,24.2,64.2,0.0,7.5,217,1017.8,7.3,22.9,241.4
RJ002,2024-04-15,29.1,18.3,23.7,60.5,0.0,16.4,234,1011.4,7.2,11.9,236.4
RJ002,2024-04-16,30.6,22.4,26.5,61.6,0.0,12.2,177,1014.0,5.1,5.3,259.0
RJ002,2024-04-17,30.2,20.2,25.2,63.9,0.0,14.8,238,1016.3,5.1,3.3,246.1
RJ002,2024-04-18,30.4,23.6,27.0,51.7,0.0,7.4,174,1015.9,5.6,16.6,224.6
RJ002,2024-04-19,31.4,22.2,26.8,46.0,0.0,15.1,163,1016.9,6.0,30.0,238.9
RJ002,2024-04-20,27.8,20.0,23.9,65.8,0.0,12.0,215,1013.3,5.6,30.6,226.3
RJ002,2024-04-21,30.5,21.3,25.9,48.9,0.0,19.1,161,1017.1,5.7,5.5,247.3
RJ002,2024-04-22,27.8,19.8,23.8,45.2,0.0,13.5,211,1018.0,6.2,3.0,267.4
RJ002,2024-04-23,32.5,21.9,27.2,47.8,0.0,11.3,185,1018.5,6.3,24.6,224.4
RJ002,2024-04-24,27.8,21.6,24.7,54.3,0.0,16.2,186,1007.4,6.6,13.3,263.2
RJ002,2024-04-25,29.2,21.0,25.1,44.3,0.0,19.9,236,1015.2,5.6,22.2,208.1
RJ002,2024-04-26,28.0,20.0,24.0,60.1,0.0,19.9,202,1015.2,5.6,29.1,198.9
RJ002,2024-04-27,31.3,23.5,27.4,46.9,0.0,11.6,194,1012.2,6.9,5.6,262.0
RJ002,2024-04-28,29.9,20.5,25.2,43.2,0.0,18.5,208,1007.9,6.8,21.6,220.9
RJ002,2024-04-29,33.1,22.5,27.8,60.7,0.0,11.1,172,1011.9,5.3,30.3,198.3
WB001,2024-01-01,25.2,17.2,21.2,55.5,0.0,6.1,311,1017.8,6.1,15.7,261.5
WB001,2024-01-02,21.3,14.3,17.8,66.5,0.0,12.7,319,1010.4,6.9,12.2,265.5
WB001,2024-01-03,25.8,17.0,21.4,43.3,0.0,19.0,276,1018.5,7.3,30.4,227.4
WB001,2024-01-04,24.3,16.1,20.2,52.8,0.0,11.6,318,1014.2,8.0,4.0,238.2
WB001,2024-01-05,22.8,16.0,19.4,57.3,0.0,14.7,306,1018.3,7.8,15.3,227.7
WB001,2024-01-06,25.5,14.9,20.2,63.6,0.0,21.9,339,1009.2,7.7,21.6,225.3
WB001,2024-01-07,24.7,14.9,19.8,65.3,0.0,7.6,311,1015.0,5.8,10.1,241.9
WB001,2024-01-08,22.9,14.7,18.8,52.1,0.0,9.1,313,1009.7,8.7,32.0,210.8
WB001,2024-01-09,26.1,16.5,21.3,60.8,0.0,6.1,305,1010.4,6.6,30.8,205.1
WB001,2024-01-10,26.4,16.4,21.4,53.0,0.0,9.9,347,1012.7,5.8,5.4,246.2
WB001,2024-01-11,26.5,16.3,21.4,57.4,0.0,11.4,352,1019.6,6.5,34.1,196.9
WB001,2024-01-12,25.9,15.7,20.8,62.2,0.0,15.2,285,1015.5,8.7,6.1,271.7
WB001,2024-01-13,24.5,16.3,20.4,45.4,0.0,18.8,315,1015.5,8.1,29.5,225.1
WB001,2024-01-14,23.9,15.1,19.5,65.8,0.0,9.3,282,1013.3,7.6,20.8,207.3
WB001,2024-01-15,26.6,16.0,21.3,44.9,0.0,12.1,334,1009.3,7.1,22.1,222.0
WB001,2024-01-16,24.7,14.3,19.5,50.1,0.0,14.6,295,1017.5,8.1,27.0,230.2
WB001,2024-01-17,25.1,14.5,19.8,58.1,0.0,16.2,321,1009.3,7.1,20.9,211.1
WB001,2024-01-18,25.1,14.7,19.9,45.2,0.0,13.9,304,1018.1,6.9,17.2,212.0
WB001,2024-01-19,24.5,13.7,19.1,44.8,0.0,17.0,305,1011.9,8.5,28.3,204.4
WB001,2024-01-20,22.4,15.6,19.0,56.6,0.0,15.7,278,1019.9,8.7,16.9,242.0
WB001,2024-01-21,24.6,17.8,21.2,60.8,0.0,20.8,290,1008.1,5.8,17.9,217.6
WB001,2024-01-22,25.9,19.3,22.6,48.2,0.0,11.2,293,1016.2,8.6,9.4,245.9
WB001,2024-01-23,26.9,19.1,23.0,56.2,0.0,10.7,335,1013.3,7.3,14.0,225.1
WB001,2024-01-24,24.7,15.3,20.0,64.3,0.0,10.5,306,1015.0,8.0,10.9,259.4
WB001,2024-01-25,27.4,19.0,23.2,64.2,0.0,12.8,335,1017.2,7.6,21.3,226.6
WB001,2024-01-26,25.6,17.8,21.7,58.2,0.0,7.0,288,1008.1,7.3,20.5,221.0
WB001,2024-01-27,27.4,18.2,22.8,66.2,0.0,11.6,277,1009.6,6.7,27.7,214.1
WB001,2024-01-28,24.5,15.3,19.9,51.9,0.0,18.5,285,1011.8,5.8,11.5,242.2
WB001,2024-01-29,28.1,17.7,22.9,56.5,0.0,12.2,323,1013.7,6.1,9.7,251.8
WB001,2024-01-30,28.4,18.2,23.3,44.8,0.0,20.3,309,1016.4,6.7,11.2,229.2
WB001,2024-01-31,27.3,18.9,23.1,66.8,0.0,12.7,285,1009.4,6.7,13.4,245.1
WB001,2024-02-01,25.7,16.5,21.1,63.5,0.0,21.8,348,1011.2,8.3,14.1,260.1
WB001,2024-02-02,26.8,20.6,23.7,58.5,0.0,7.1,283,1016.9,7.9,9.6,259.2
WB001,2024-02-03,26.1,17.3,21.7,50.5,0.0,15.8,306,1016.0,7.1,29.7,241.8
WB001,2024-02-04,24.6,16.8,20.7,57.8,0.0,6.5,279,1008.0,6.1,11.3,253.6
WB001,2024-02-05,25.4,18.6,22.0,47.6,0.0,20.4,305,1018.4,8.7,32.7,232.6
WB001,2024-02-06,26.4,16.4,21.4,45.7,0.0,21.2,281,1011.7,7.6,28.4,208.7
WB001,2024-02-07,24.4,17.8,21.1,54.1,0.0,8.0,344,1016.8,8.4,33.8,208.3
WB001,2024-02-08,25.6,19.0,22.3,55.7,0.0,15.2,328,1019.3,6.7,25.6,210.5
WB001,2024-02-09,25.4,18.0,21.7,45.0,0.0,14.9,345,1015.6,8.0,7.2,228.8
WB001,2024-02-10,27.8,21.4,24.6,43.3,0.0,9.5,340,1009.3,6.1,7.3,254.3
WB001,2024-02-11,28.0,17.8,22.9,61.3,0.0,11.0,311,1009.3,7.3,32.0,201.1
WB001,2024-02-12,27.7,16.9,22.3,63.8,0.0,14.2,337,1009.8,6.6,5.7,242.4
WB001,2024-02-13,29.0,19.8,24.4,46.5,0.0,20.0,335,1010.0,8.4,6.5,227.3
WB001,2024-02-14,27.8,19.6,23.7,49.4,0.0,20.8,282,1012.4,6.2,17.6,235.8
WB001,2024-02-15,25.0,17.6,21.3,45.3,0.0,16.4,334,1012.8,6.6,14.1,245.0
WB001,2024-02-16,27.5,19.1,23.3,53.4,0.0,16.9,327,1018.8,6.4,1.9,234.1
WB001,2024-02-17,25.6,19.2,22.4,45.4,0.0,9.6,325,1016.1,6.9,3.5,266.8
WB001,2024-02-18,28.6,21.2,24.9,47.9,0.0,18.6,303,1010.5,7.5,25.7,203.7
WB001,2024-02-19,28.3,18.7,23.5,54.4,0.0,10.9,348,1010.2,6.7,2.4,241.0
WB001,2024-02-20,28.5,21.7,25.1,43.3,0.0,13.6,302,1009.1,6.5,2.7,265.2
WB001,2024-02-21,29.5,20.5,25.0,66.3,0.0,15.3,314,1010.0,6.1,28.7,223.2
WB001,2024-02-22,30.8,20.6,25.7,55.6,0.0,8.7,287,1008.0,6.7,25.8,221.5
WB001,2024-02-23,30.2,19.2,24.7,49.2,0.0,13.8,304,1007.2,6.8,24.9,244.7
WB001,2024-02-24,30.1,19.9,25.0,64.7,0.0,15.5,284,1015.2,7.9,0.7,283.0
WB001,2024-02-25,30.0,20.8,25.4,46.4,0.0,14.0,295,1015.8,8.7,12.6,254.6
WB001,2024-02-26,28.2,17.4,22.8,58.3,0.0,21.4,345,1015.6,8.4,15.7,260.9
WB001,2024-02-27,27.9,20.5,24.2,59.3,0.0,20.2,306,1012.2,8.7,10.8,221.9
WB001,2024-02-28,28.2,20.4,24.3,57.7,0.0,12.9,311,1018.8,8.1,10.1,269.3
WB001,2024-02-29,29.0,19.6,24.3,54.2,0.0,8.4,352,1014.6,7.7,10.6,234.6
WB001,2024-03-01,28.6,22.6,25.6,65.7,17.0,6.9,184,1012.0,7.7,25.5,211.9
WB001,2024-03-02,27.5,20.1,23.8,59.0,0.0,18.3,172,1008.3,6.6,34.9,196.0
WB001,2024-03-03,28.1,21.7,24.9,54.4,0.0,11.7,225,1014.7,7.0,33.8,192.6
WB001,2024-03-04,27.4,19.8,23.6,56.5,0.0,16.9,186,1014.2,7.8,7.0,232.0
WB001,2024-03-05,28.7,21.1,24.9,73.9,31.6,14.7,190,1017.5,7.1,52.3,183.9
WB001,2024-03-06,29.3,18.7,24.0,54.2,0.0,12.8,194,1012.1,5.8,19.6,255.4
WB001,2024-03-07,29.4,19.6,24.5,50.3,0.0,9.9,201,1008.6,7.4,19.8,221.9
WB001,2024-03-08,29.9,21.9,25.9,43.1,0.0,18.9,230,1012.3,5.9,1.9,273.8
WB001,2024-03-09,29.4,21.8,25.6,63.3,17.4,11.3,165,1015.8,7.8,52.0,164.9
WB001,2024-03-10,27.3,20.5,23.9,54.9,0.0,9.6,214,1017.4,6.7,10.9,269.2
WB001,2024-03-11,27.4,19.0,23.2,45.8,0.0,6.0,208,1008.8,6.0,7.2,248.6
WB001,2024-03-12,30.6,22.4,26.5,57.1,8.7,21.7,226,1016.8,7.4,41.8,210.5
WB001,2024-03-13,31.2,22.2,26.7,58.3,0.0,9.0,225,1014.5,6.3,26.0,225.9
WB001,2024-03-14,29.0,21.6,25.3,66.0,0.0,13.9,213,1011.6,7.8,3.8,250.5
WB001,2024-03-15,28.2,22.0,25.1,56.5,0.0,6.2,184,1014.7,8.4,21.7,206.8
WB001,2024-03-16,32.5,21.7,27.1,60.4,0.0,10.4,239,1010.9,8.3,17.6,227.8
WB001,2024-03-17,30.4,22.4,26.4,69.5,36.2,17.5,187,1015.3,8.1,64.0,183.5
WB001,2024-03-18,28.9,20.9,24.9,58.5,0.0,12.0,198,1014.9,7.5,32.5,228.3
WB001,2024-03-19,29.1,22.5,25.8,65.9,0.0,11.6,209,1011.7,5.9,29.8,201.2
WB001,2024-03-20,27.5,20.9,24.2,54.4,0.0,18.2,239,1016.9,7.9,8.3,268.4
WB001,2024-03-21,29.8,19.4,24.6,53.1,0.0,7.0,209,1008.5,8.3,2.6,269.5
WB001,2024-03-22,31.5,21.3,26.4,50.7,0.0,17.2,190,1018.6,7.5,7.0,237.8
WB001,2024-03-23,29.5,22.1,25.8,46.9,0.0,19.0,225,1009.1,7.5,22.0,237.6
WB001,2024-03-24,29.9,19.9,24.9,51.6,0.0,12.5,204,1007.9,6.3,25.5,244.8
WB001,2024-03-25,30.9,22.5,26.7,56.7,0.0,13.6,188,1014.1,7.4,4.8,231.6
WB001,2024-03-26,29.8,22.0,25.9,65.0,6.4,10.8,169,1009.6,7.6,21.2,216.5
WB001,2024-03-27,33.4,22.8,28.1,59.9,0.0,7.1,230,1018.0,6.0,20.1,249.5
WB001,2024-03-28,32.4,23.8,28.1,44.4,0.0,17.2,169,1012.0,8.5,9.2,223.6
WB001,2024-03-29,29.5,22.1,25.8,61.4,0.0,8.2,204,1015.6,8.5,23.2,246.4
WB001,2024-03-30,28.7,22.3,25.5,64.7,0.0,17.2,221,1007.3,8.7,33.2,218.4
WB001,2024-03-31,30.2,23.8,27.0,65.7,0.0,10.3,163,1007.0,7.3,22.8,224.7
WB001,2024-04-01,31.0,20.8,25.9,43.5,0.0,6.9,222,1016.6,7.4,30.1,227.0
WB001,2024-04-02,32.1,23.3,27.7,80.6,41.9,12.9,194,1008.1,7.1,94.3,152.1
WB001,2024-04-03,29.8,22.8,26.3,44.4,0.0,9.7,207,1009.5,8.0,31.1,231.1
WB001,2024-04-04,32.6,21.6,27.1,82.3,39.5,7.2,170,1008.7,5.9,71.5,167.7
WB001,2024-04-05,29.6,22.2,25.9,54.5,0.0,8.0,166,1009.8,7.4,17.3,247.5
WB001,2024-04-06,31.7,21.1,26.4,60.1,0.0,21.1,222,1010.2,7.7,18.4,222.6
WB001,2024-04-07,32.1,23.5,27.8,84.4,48.9,15.9,182,1008.9,6.2,100,106.5
WB001,2024-04-08,31.6,24.6,28.1,62.6,0.0,8.3,238,1014.8,7.7,15.9,218.5
WB001,2024-04-09,30.3,24.1,27.2,52.2,0.0,19.2,167,1009.9,7.6,17.3,253.9
WB001,2024-04-10,29.9,23.7,26.8,47.4,0.0,12.9,164,1010.3,7.4,12.2,219.2
WB001,2024-04-11,32.9,22.5,27.7,64.8,0.0,19.0,207,1015.5,6.8,29.0,216.1
WB001,2024-04-12,31.9,22.3,27.1,44.4,0.0,7.7,191,1015.2,7.8,30.0,239.9
WB001,2024-04-13,31.7,22.9,27.3,55.5,0.0,8.6,191,1015.5,8.5,4.6,229.3
WB001,2024-04-14,34.1,23.3,28.7,63.7,15.3,11.4,192,1013.6,6.8,46.0,209.7
WB001,2024-04-15,33.3,24.3,28.8,66.6,31.7,10.2,174,1011.8,7.1,63.9,193.8
WB001,2024-04-16,32.6,22.4,27.5,44.4,0.0,21.0,182,1013.8,6.7,2.2,240.9
WB001,2024-04-17,32.4,25.0,28.7,46.1,0.0,16.1,172,1013.7,5.9,4.0,231.3
WB001,2024-04-18,33.7,23.3,28.5,44.0,0.0,17.5,165,1014.9,6.5,9.0,256.3
WB001,2024-04-19,33.1,25.3,29.2,57.4,0.0,11.6,166,1011.5,7.3,8.3,239.7
WB001,2024-04-20,32.4,22.2,27.3,58.4,0.0,20.0,171,1010.5,8.1,11.7,239.0
WB001,2024-04-21,32.7,24.3,28.5,57.9,0.0,8.6,164,1017.5,8.5,0.9,264.2
WB001,2024-04-22,33.5,24.9,29.2,55.2,0.0,15.3,188,1008.7,8.2,1.1,269.8
WB001,2024-04-23,33.1,22.1,27.6,68.7,6.4,9.6,200,1013.4,7.4,24.2,237.8
WB001,2024-04-24,33.8,25.2,29.5,69.0,26.8,13.1,182,1016.1,6.6,48.7,179.0
WB001,2024-04-25,33.1,25.3,29.2,61.0,0.0,7.8,179,1015.0,8.4,12.7,234.8
WB001,2024-04-26,33.5,22.9,28.2,57.5,0.0,13.2,194,1013.2,8.2,4.4,255.7
WB001,2024-04-27,33.4,25.4,29.4,46.3,0.0,10.2,183,1009.9,6.0,14.7,263.6
WB001,2024-04-28,33.2,24.0,28.6,64.6,0.0,20.0,161,1007.7,6.5,19.4,254.3
WB001,2024-04-29,32.6,26.0,29.3,71.9,24.7,21.8,171,1016.5,8.5,68.7,156.5
WB002,2024-01-01,10.8,2.0,6.4,60.1,0.0,7.9,347,1021.5,9.4,21.6,254.5
WB002,2024-01-02,9.9,0.3,5.1,51.5,0.0,13.2,308,1016.4,10.1,10.1,244.7
WB002,2024-01-03,9.0,2.0,5.5,61.4,0.0,20.7,350,1011.9,10.3,20.8,224.4
WB002,2024-01-04,11.6,3.8,7.7,53.5,0.0,14.1,322,1021.8,7.9,10.4,237.5
WB002,2024-01-05,12.6,2.2,7.4,56.9,0.0,19.5,309,1014.4,8.5,6.2,233.5
WB002,2024-01-06,13.3,3.7,8.5,66.7,0.0,9.4,317,1017.2,9.4,3.5,244.3
WB002,2024-01-07,9.5,2.1,5.8,53.5,0.0,20.2,298,1021.9,10.5,26.4,244.3
WB002,2024-01-08,11.5,4.7,8.1,48.0,0.0,19.4,335,1010.7,10.3,33.6,215.0
WB002,2024-01-09,11.7,5.7,8.7,63.0,0.0,6.4,291,1021.6,9.3,25.6,225.2
WB002,2024-01-10,12.6,5.2,8.9,45.6,0.0,17.3,343,1015.6,8.9,9.2,265.3
WB002,2024-01-11,14.4,4.8,9.6,45.8,0.0,11.7,281,1019.6,9.8,11.4,244.4
WB002,2024-01-12,11.4,2.2,6.8,55.3,0.0,18.4,332,1014.4,10.4,15.2,260.3
WB002,2024-01-13,12.8,5.2,9.0,63.2,0.0,16.6,345,1010.6,9.5,0.3,241.4
WB002,2024-01-14,12.8,2.0,7.4,59.2,0.0,10.2,287,1020.3,9.8,9.9,231.1
WB002,2024-01-15,14.9,4.1,9.5,63.6,0.0,18.0,275,1010.9,9.3,7.3,233.7
WB002,2024-01-16,11.5,4.1,7.8,52.1,0.0,15.3,326,1016.3,9.6,6.3,241.2
WB002,2024-01-17,10.8,3.4,7.1,54.6,0.0,18.7,306,1014.9,9.0,3.4,235.9
WB002,2024-01-18,14.7,4.9,9.8,49.9,0.0,21.5,301,1018.0,7.9,16.3,228.1
WB002,2024-01-19,11.5,2.1,6.8,59.9,0.0,18.4,314,1020.3,9.1,14.4,226.6
WB002,2024-01-20,11.9,3.3,7.6,64.4,0.0,18.5,280,1019.7,8.4,11.1,239.0
WB002,2024-01-21,12.3,4.3,8.3,64.9,0.0,10.3,333,1014.4,10.0,10.8,240.4
WB002,2024-01-22,12.3,5.5,8.9,47.9,0.0,16.0,351,1017.6,8.6,21.2,206.3
WB002,2024-01-23,14.6,4.6,9.6,45.2,0.0,17.3,348,1019.3,9.2,22.9,228.9
WB002,2024-01-24,11.7,4.7,8.2,46.8,0.0,14.6,344,1013.1,10.0,31.9,206.9
WB002,2024-01-25,12.5,2.9,7.7,65.6,0.0,6.6,277,1021.7,7.9,13.9,239.8
WB002,2024-01-26,11.4,3.8,7.6,48.5,0.0,18.4,295,1013.7,8.0,27.4,229.4
WB002,2024-01-27,12.5,2.7,7.6,49.5,0.0,7.4,281,1019.1,9.9,14.5,215.4
WB002,2024-01-28,14.9,5.9,10.4,46.6,0.0,17.8,338,1012.3,9.4,10.9,235.9
WB002,2024-01-29,12.4,6.2,9.3,49.6,0.0,9.2,296,1018.0,9.0,10.2,225.4
WB002,2024-01-30,15.6,6.8,11.2,54.6,0.0,20.5,318,1012.7,7.6,17.4,230.3
WB002,2024-01-31,13.3,4.5,8.9,45.6,0.0,9.6,353,1015.0,8.3,12.9,245.1
WB002,2024-02-01,13.8,6.2,10.0,62.4,0.0,21.6,283,1012.0,10.2,17.1,223.6
WB002,2024-02-02,12.6,3.6,8.1,54.4,0.0,17.6,320,1013.2,9.9,8.8,238.3
WB002,2024-02-03,12.4,5.6,9.0,50.7,0.0,15.0,308,1010.3,9.7,26.4,237.8
WB002,2024-02-04,13.7,6.1,9.9,58.6,0.0,11.1,332,1016.2,10.2,34.7,190.5
WB002,2024-02-05,12.9,3.5,8.2,52.0,0.0,18.1,288,1019.3,8.1,15.3,262.2
WB002,2024-02-06,12.1,3.9,8.0,47.1,0.0,18.9,314,1019.4,9.2,14.0,230.2
WB002,2024-02-07,13.4,6.0,9.7,65.1,0.0,16.8,317,1017.4,8.7,22.8,210.2
WB002,2024-02-08,13.6,6.6,10.1,57.7,0.0,17.4,317,1013.0,9.0,32.8,235.4
WB002,2024-02-09,16.1,5.9,11.0,46.2,0.0,14.4,341,1009.9,8.8,5.3,230.9
WB002,2024-02-10,15.9,8.3,12.1,47.5,0.0,17.1,318,1013.6,7.8,16.4,219.9
WB002,2024-02-11,14.1,5.3,9.7,48.4,0.0,16.1,349,1013.4,10.0,30.4,221.7
WB002,2024-02-12,14.2,5.0,9.6,52.7,0.0,10.1,318,1018.0,7.8,5.3,264.1
WB002,2024-02-13,13.3,5.9,9.6,45.5,0.0,18.8,322,1019.3,8.6,27.0,226.8
WB002,2024-02-14,14.7,4.7,9.7,63.9,0.0,16.7,313,1012.1,9.9,34.6,191.1
WB002,2024-02-15,15.3,8.5,11.9,47.0,0.0,20.0,301,1020.4,7.7,17.9,231.9
WB002,2024-02-16,15.2,7.6,11.4,55.0,0.0,7.9,320,1014.2,8.7,16.6,227.3
WB002,2024-02-17,15.2,6.6,10.9,64.2,0.0,19.5,351,1021.2,10.1,24.9,242.1
WB002,2024-02-18,15.3,6.9,11.1,61.9,0.0,17.0,320,1015.0,8.6,0.9,252.0
WB002,2024-02-19,15.5,6.1,10.8,60.5,0.0,9.4,320,1021.8,10.4,13.4,225.2
WB002,2024-02-20,15.0,9.0,12.0,53.6,0.0,14.4,275,1013.3,7.9,12.9,229.6
WB002,2024-02-21,17.3,8.3,12.8,43.8,0.0,10.4,313,1010.0,9.7,8.9,253.8
WB002,2024-02-22,18.2,8.0,13.1,63.7,0.0,20.8,355,1017.0,9.1,16.6,255.5
WB002,2024-02-23,17.3,7.3,12.3,43.9,0.0,6.5,347,1011.4,9.8,30.5,198.9
WB002,2024-02-24,16.2,6.0,11.1,44.3,0.0,16.2,280,1010.9,9.2,34.4,196.5
WB002,2024-02-25,14.9,8.9,11.9,63.1,0.0,19.6,300,1018.1,10.3,20.5,253.5
WB002,2024-02-26,17.0,6.2,11.6,52.7,0.0,19.4,329,1010.5,10.1,17.6,246.8
WB002,2024-02-27,14.1,5.9,10.0,49.6,0.0,9.2,315,1012.1,9.8,29.3,194.1
WB002,2024-02-28,14.7,6.9,10.8,51.2,0.0,15.1,331,1016.6,9.0,4.1,233.8
WB002,2024-02-29,16.2,9.2,12.7,57.2,0.0,21.5,336,1018.9,8.2,13.1,220.7
WB002,2024-03-01,16.4,9.2,12.8,58.4,0.0,20.4,175,1018.5,8.0,1.9,267.6
WB002,2024-03-02,14.0,7.2,10.6,48.4,0.0,9.0,231,1012.0,8.5,24.4,214.1
WB002,2024-03-03,16.4,7.6,12.0,58.4,0.0,13.2,210,1019.6,7.7,29.2,213.4
WB002,2024-03-04,15.7,8.7,12.2,51.3,0.0,19.0,224,1012.0,9.7,17.6,251.9
WB002,2024-03-05,16.5,10.1,13.3,49.2,0.0,13.5,163,1010.7,9.6,6.5,232.9
WB002,2024-03-06,16.5,8.7,12.6,57.1,0.0,6.5,216,1017.0,10.2,0.3,255.7
WB002,2024-03-07,16.3,7.1,11.7,79.3,57.8,13.5,175,1009.9,10.0,100,123.8
WB002,2024-03-08,16.1,8.1,12.1,49.1,0.0,12.0,187,1017.7,8.5,34.0,231.3
WB002,2024-03-09,18.8,8.2,13.5,53.1,0.0,18.4,236,1014.1,7.7,17.9,256.1
WB002,2024-03-10,19.5,8.7,14.1,47.8,0.0,21.6,220,1010.7,8.6,33.6,236.5
WB002,2024-03-11,16.8,7.0,11.9,54.0,0.0,8.6,160,1011.4,10.2,10.5,224.3
WB002,2024-03-12,15.2,8.2,11.7,68.2,17.5,19.5,190,1015.4,8.6,42.7,209.6
WB002,2024-03-13,18.9,8.3,13.6,63.0,0.0,17.3,221,1010.4,8.0,26.7,204.3
WB002,2024-03-14,19.2,8.8,14.0,60.5,0.0,12.8,192,1010.1,9.0,25.9,228.1
WB002,2024-03-15,16.3,7.3,11.8,51.9,0.0,11.4,226,1017.0,9.8,32.0,222.5
WB002,2024-03-16,15.1,8.1,11.6,53.4,0.0,11.4,212,1014.8,8.4,13.5,257.2
WB002,2024-03-17,16.6,5.8,11.2,46.9,0.0,16.9,227,1015.3,7.8,24.0,206.5
WB002,2024-03-18,19.6,9.6,14.6,67.8,22.0,12.1,196,1014.9,10.5,47.1,207.6
WB002,2024-03-19,16.0,8.8,12.4,57.5,0.0,18.8,196,1014.0,9.0,11.7,245.4
WB002,2024-03-20,17.8,7.8,12.8,55.8,0.0,12.1,214,1011.2,8.6,32.7,218.7
WB002,2024-03-21,17.2,7.2,12.2,53.9,0.0,6.8,183,1011.0,9.1,12.8,261.5
WB002,2024-03-22,17.8,10.6,14.2,50.1,0.0,19.1,203,1011.3,8.7,0.6,250.4
WB002,2024-03-23,18.6,9.6,14.1,43.9,0.0,17.8,180,1010.2,7.9,25.4,231.1
WB002,2024-03-24,17.0,9.6,13.3,59.5,0.0,9.9,226,1019.4,9.8,18.3,232.3
WB002,2024-03-25,15.9,8.1,12.0,89.1,61.6,20.1,191,1021.4,7.8,100,132.5
WB002,2024-03-26,16.5,10.3,13.4,49.2,0.0,16.4,231,1019.4,8.9,4.1,238.8
WB002,2024-03-27,16.7,9.1,12.9,63.5,0.0,9.9,224,1013.9,9.0,26.6,219.6
WB002,2024-03-28,19.8,10.0,14.9,59.1,0.0,15.7,233,1017.2,8.4,14.3,215.9
WB002,2024-03-29,16.9,10.3,13.6,57.4,0.0,21.6,185,1011.9,7.6,11.4,222.2
WB002,2024-03-30,18.0,8.4,13.2,57.1,0.0,16.2,186,1014.0,10.4,0.4,251.5
WB002,2024-03-31,17.6,9.4,13.5,60.8,0.0,9.4,216,1017.4,8.4,1.1,276.1
WB002,2024-04-01,20.6,11.4,16.0,51.3,0.0,9.3,239,1013.2,8.5,11.0,253.3
WB002,2024-04-02,16.9,7.7,12.3,65.4,24.0,21.9,162,1021.2,9.3,53.2,172.3
WB002,2024-04-03,19.3,12.7,16.0,63.4,0.0,7.6,177,1020.7,9.3,6.3,234.1
WB002,2024-04-04,20.3,10.7,15.5,52.8,0.0,18.0,193,1016.1,8.5,12.7,222.5
WB002,2024-04-05,21.4,10.6,16.0,50.6,0.0,14.6,191,1019.1,9.1,16.2,253.6
WB002,2024-04-06,19.6,9.0,14.3,49.9,0.0,14.5,187,1014.7,8.1,31.8,209.6
WB002,2024-04-07,20.6,9.8,15.2,58.3,0.0,15.9,171,1016.4,10.6,21.0,242.2
WB002,2024-04-08,20.2,12.6,16.4,56.7,0.0,13.6,167,1013.2,9.8,30.9,224.4
WB002,2024-04-09,20.1,9.7,14.9,46.9,0.0,11.9,230,1011.1,10.4,32.2,206.1
WB002,2024-04-10,19.1,8.7,13.9,54.1,0.0,9.9,208,1021.1,10.0,34.0,212.4
WB002,2024-04-11,17.8,8.8,13.3,65.1,0.0,8.5,197,1020.9,7.6,1.1,267.3
WB002,2024-04-12,21.8,10.8,16.3,44.7,0.0,12.7,181,1017.3,7.9,27.2,229.3
WB002,2024-04-13,18.2,12.0,15.1,60.4,0.0,10.7,192,1018.8,9.9,12.7,253.1
WB002,2024-04-14,19.6,10.4,15.0,46.0,0.0,8.3,181,1018.9,9.8,3.9,238.0
WB002,2024-04-15,18.5,10.9,14.7,62.1,0.0,9.4,168,1016.8,7.8,31.5,215.5
WB002,2024-04-16,17.7,10.5,14.1,53.7,0.0,18.6,216,1016.0,9.4,26.6,205.2
WB002,2024-04-17,17.9,10.7,14.3,51.7,0.0,10.7,236,1011.0,9.5,16.6,233.8
WB002,2024-04-18,19.3,9.5,14.4,46.5,0.0,10.7,191,1016.8,7.7,7.4,239.8
WB002,2024-04-19,19.2,12.0,15.6,60.9,0.0,21.9,192,1016.3,8.1,12.0,226.0
WB002,2024-04-20,20.6,13.0,16.8,63.8,0.0,13.8,174,1014.9,8.1,31.4,191.8
WB002,2024-04-21,21.1,13.3,17.2,48.4,0.0,10.5,222,1018.0,9.5,12.5,240.5
WB002,2024-04-22,22.4,11.8,17.1,63.3,0.0,18.5,202,1011.3,8.2,23.2,222.4
WB002,2024-04-23,17.7,10.1,13.9,73.9,36.1,17.9,230,1020.9,7.8,74.0,143.8
WB002,2024-04-24,19.4,9.8,14.6,58.6,0.0,9.9,215,1014.6,7.7,21.3,232.8
WB002,2024-04-25,17.5,10.5,14.0,44.5,0.0,20.5,202,1009.9,8.3,20.5,235.4
WB002,2024-04-26,19.9,11.3,15.6,50.7,0.0,16.1,176,1010.3,7.8,6.9,252.5
WB002,2024-04-27,18.8,10.4,14.6,57.0,0.0,19.8,169,1019.7,9.9,6.8,265.8
WB002,2024-04-28,20.4,12.2,16.3,81.5,48.2,13.9,174,1014.8,9.1,100,110.0
WB002,2024-04-29,20.9,13.7,17.3,56.5,0.0,10.9,195,1020.3,10.4,17.1,227.0
